-- =====================================================
-- DML - DATA DUMMY K-RUN SISTEM PRE-ORDER KANTIN ITS
-- Kelompok 8 - Manajemen Basis Data (B)
-- =====================================================

-- =====================================================
-- INSERT mahasiswa (50 rows)
-- =====================================================

INSERT INTO mahasiswa VALUES ('USR001', 'Prasetyo Setiawan', 'prasetyo.setiawan36@student.its.ac.id', '085339958838', '2026-02-24 09:43:47');
INSERT INTO mahasiswa VALUES ('USR002', 'Faisal Wibowo', 'faisal.wibowo5@student.its.ac.id', '081122575562', '2026-02-08 16:38:01');
INSERT INTO mahasiswa VALUES ('USR003', 'Hanif Susanto', 'hanif.susanto90@student.its.ac.id', '088866306997', '2026-02-15 17:17:51');
INSERT INTO mahasiswa VALUES ('USR004', 'Ahmad Yudhoyono', 'ahmad.yudhoyono55@student.its.ac.id', '085947295260', '2026-02-07 20:21:06');
INSERT INTO mahasiswa VALUES ('USR005', 'Farhan Fadillah', 'farhan.fadillah45@student.its.ac.id', '085715831819', '2026-04-18 09:59:24');
INSERT INTO mahasiswa VALUES ('USR006', 'Farhan Julianto', 'farhan.julianto81@student.its.ac.id', '087787490893', '2026-02-23 09:02:42');
INSERT INTO mahasiswa VALUES ('USR007', 'Oscar Zulfikar', 'oscar.zulfikar30@student.its.ac.id', '082161019678', '2026-03-15 18:53:23');
INSERT INTO mahasiswa VALUES ('USR008', 'Kevin Maulana', 'kevin.maulana86@student.its.ac.id', '085796977837', '2026-01-20 18:10:34');
INSERT INTO mahasiswa VALUES ('USR009', 'Doni Firmansyah', 'doni.firmansyah49@student.its.ac.id', '085795899313', '2026-05-08 18:20:53');
INSERT INTO mahasiswa VALUES ('USR010', 'Yoga Zulfikar', 'yoga.zulfikar5@student.its.ac.id', '085963843426', '2026-03-03 11:58:36');
INSERT INTO mahasiswa VALUES ('USR011', 'Cahyo Utomo', 'cahyo.utomo64@student.its.ac.id', '087896282117', '2026-04-05 12:08:15');
INSERT INTO mahasiswa VALUES ('USR012', 'Firman Julianto', 'firman.julianto96@student.its.ac.id', '088188320463', '2026-04-12 11:08:32');
INSERT INTO mahasiswa VALUES ('USR013', 'Arif Wibowo', 'arif.wibowo15@student.its.ac.id', '082294214382', '2026-02-26 18:27:38');
INSERT INTO mahasiswa VALUES ('USR014', 'Eko Fadillah', 'eko.fadillah60@student.its.ac.id', '088543744231', '2026-05-28 08:43:46');
INSERT INTO mahasiswa VALUES ('USR015', 'Hendra Sugiarto', 'hendra.sugiarto35@student.its.ac.id', '085924972279', '2026-03-14 10:29:00');
INSERT INTO mahasiswa VALUES ('USR016', 'Doni Valentino', 'doni.valentino65@student.its.ac.id', '083178139880', '2026-01-28 18:19:53');
INSERT INTO mahasiswa VALUES ('USR017', 'Prasetyo Fauzi', 'prasetyo.fauzi20@student.its.ac.id', '087731682744', '2026-05-25 16:58:00');
INSERT INTO mahasiswa VALUES ('USR018', 'Maulana Utomo', 'maulana.utomo15@student.its.ac.id', '087751273847', '2026-02-02 11:56:36');
INSERT INTO mahasiswa VALUES ('USR019', 'Farhan Wibowo', 'farhan.wibowo9@student.its.ac.id', '088826879290', '2026-02-22 15:35:10');
INSERT INTO mahasiswa VALUES ('USR020', 'Reza Gunawan', 'reza.gunawan28@student.its.ac.id', '088836998038', '2026-03-13 18:41:23');
INSERT INTO mahasiswa VALUES ('USR021', 'Gilang Gunawan', 'gilang.gunawan32@student.its.ac.id', '085318593410', '2026-03-01 17:35:14');
INSERT INTO mahasiswa VALUES ('USR022', 'Kurniawan Wijaya', 'kurniawan.wijaya91@student.its.ac.id', '081240728046', '2026-01-02 13:04:32');
INSERT INTO mahasiswa VALUES ('USR023', 'Putra Kurniawan', 'putra.kurniawan28@student.its.ac.id', '088827758595', '2026-05-19 15:15:50');
INSERT INTO mahasiswa VALUES ('USR024', 'Rizky Herlambang', 'rizky.herlambang13@student.its.ac.id', '088157553014', '2026-04-14 15:55:46');
INSERT INTO mahasiswa VALUES ('USR025', 'Dimas Sugiarto', 'dimas.sugiarto13@student.its.ac.id', '081264038913', '2026-03-26 09:15:12');
INSERT INTO mahasiswa VALUES ('USR026', 'Muhammad Iskandar', 'muhammad.iskandar55@student.its.ac.id', '083147385696', '2026-04-08 09:28:51');
INSERT INTO mahasiswa VALUES ('USR027', 'Hanif Kusuma', 'hanif.kusuma70@student.its.ac.id', '081122517517', '2026-02-06 14:31:30');
INSERT INTO mahasiswa VALUES ('USR028', 'Nanda Rahman', 'nanda.rahman49@student.its.ac.id', '081162401521', '2026-03-26 20:29:18');
INSERT INTO mahasiswa VALUES ('USR029', 'Fajar Tirtayasa', 'fajar.tirtayasa72@student.its.ac.id', '088330776478', '2026-02-10 11:03:37');
INSERT INTO mahasiswa VALUES ('USR030', 'Firman Iskandar', 'firman.iskandar41@student.its.ac.id', '081216729990', '2026-05-16 16:58:54');
INSERT INTO mahasiswa VALUES ('USR031', 'Dwi Purnomo', 'dwi.purnomo66@student.its.ac.id', '081334941004', '2026-01-20 09:43:55');
INSERT INTO mahasiswa VALUES ('USR032', 'Putra Rahman', 'putra.rahman73@student.its.ac.id', '085387701200', '2026-05-02 17:05:26');
INSERT INTO mahasiswa VALUES ('USR033', 'Surya Lesmana', 'surya.lesmana41@student.its.ac.id', '085737415205', '2026-03-08 12:25:08');
INSERT INTO mahasiswa VALUES ('USR034', 'Surya Pangestu', 'surya.pangestu41@student.its.ac.id', '081311250299', '2026-04-20 17:06:04');
INSERT INTO mahasiswa VALUES ('USR035', 'Faisal Suryadi', 'faisal.suryadi17@student.its.ac.id', '087719233013', '2026-02-12 12:10:28');
INSERT INTO mahasiswa VALUES ('USR036', 'Faisal Utama', 'faisal.utama84@student.its.ac.id', '088511049999', '2026-05-10 18:06:56');
INSERT INTO mahasiswa VALUES ('USR037', 'Irfan Darmawan', 'irfan.darmawan14@student.its.ac.id', '088830863865', '2026-03-10 17:13:45');
INSERT INTO mahasiswa VALUES ('USR038', 'Wahyu Suryadi', 'wahyu.suryadi34@student.its.ac.id', '088575569635', '2026-03-28 08:05:40');
INSERT INTO mahasiswa VALUES ('USR039', 'Fajar Kurniawan', 'fajar.kurniawan43@student.its.ac.id', '082295511909', '2026-03-06 19:28:35');
INSERT INTO mahasiswa VALUES ('USR040', 'Cahyo Arifin', 'cahyo.arifin15@student.its.ac.id', '081330005727', '2026-05-02 13:37:35');
INSERT INTO mahasiswa VALUES ('USR041', 'Joko Arifin', 'joko.arifin40@student.its.ac.id', '087715354599', '2026-03-07 18:15:42');
INSERT INTO mahasiswa VALUES ('USR042', 'Galih Prasetya', 'galih.prasetya53@student.its.ac.id', '082241774346', '2026-02-26 20:11:56');
INSERT INTO mahasiswa VALUES ('USR043', 'Deni Saputra', 'deni.saputra43@student.its.ac.id', '088199913412', '2026-02-09 10:50:44');
INSERT INTO mahasiswa VALUES ('USR044', 'Galih Fadillah', 'galih.fadillah61@student.its.ac.id', '085336786211', '2026-04-12 12:52:50');
INSERT INTO mahasiswa VALUES ('USR045', 'Oscar Wijaya', 'oscar.wijaya25@student.its.ac.id', '087854058573', '2026-03-28 09:49:17');
INSERT INTO mahasiswa VALUES ('USR046', 'Yusuf Pangestu', 'yusuf.pangestu87@student.its.ac.id', '088854446182', '2026-01-04 12:11:37');
INSERT INTO mahasiswa VALUES ('USR047', 'Reza Nugroho', 'reza.nugroho56@student.its.ac.id', '087752101056', '2026-04-20 16:07:24');
INSERT INTO mahasiswa VALUES ('USR048', 'Ilham Susanto', 'ilham.susanto91@student.its.ac.id', '088110226999', '2026-05-26 16:43:46');
INSERT INTO mahasiswa VALUES ('USR049', 'Firman Wicaksono', 'firman.wicaksono47@student.its.ac.id', '088119391725', '2026-03-20 13:42:54');
INSERT INTO mahasiswa VALUES ('USR050', 'Hendra Valentino', 'hendra.valentino40@student.its.ac.id', '088153779528', '2026-04-23 12:35:08');

-- =====================================================
-- INSERT Pemilik_Kantin (40 rows)
-- =====================================================

INSERT INTO Pemilik_Kantin VALUES ('PMK001', 'Siti Aminah', 'sitiaminah25@gmail.com', '088199245317', 'hashed_pw_pmk001');
INSERT INTO Pemilik_Kantin VALUES ('PMK002', 'Bambang Sutrisno', 'bambangsutrisno49@gmail.com', '083192613013', 'hashed_pw_pmk002');
INSERT INTO Pemilik_Kantin VALUES ('PMK003', 'Ibu Yanti', 'ibuyanti73@gmail.com', '085864502486', 'hashed_pw_pmk003');
INSERT INTO Pemilik_Kantin VALUES ('PMK004', 'Pak Joko Susilo', 'pakjokosusilo71@gmail.com', '081150785405', 'hashed_pw_pmk004');
INSERT INTO Pemilik_Kantin VALUES ('PMK005', 'Hj. Nurjanah', 'hjnurjanah37@gmail.com', '085267698610', 'hashed_pw_pmk005');
INSERT INTO Pemilik_Kantin VALUES ('PMK006', 'Bapak Sudarso', 'bapaksudarso75@gmail.com', '085972409658', 'hashed_pw_pmk006');
INSERT INTO Pemilik_Kantin VALUES ('PMK007', 'Bu Endang Lestari', 'buendanglestari57@gmail.com', '088238682516', 'hashed_pw_pmk007');
INSERT INTO Pemilik_Kantin VALUES ('PMK008', 'Pak Agus Salim', 'pakagussalim66@gmail.com', '088332775593', 'hashed_pw_pmk008');
INSERT INTO Pemilik_Kantin VALUES ('PMK009', 'Ibu Maryam', 'ibumaryam85@gmail.com', '081348089166', 'hashed_pw_pmk009');
INSERT INTO Pemilik_Kantin VALUES ('PMK010', 'H. Abdul Rohman', 'habdulrohman66@gmail.com', '085922534217', 'hashed_pw_pmk010');
INSERT INTO Pemilik_Kantin VALUES ('PMK011', 'Bu Sari Dewi', 'busaridewi97@gmail.com', '085351663795', 'hashed_pw_pmk011');
INSERT INTO Pemilik_Kantin VALUES ('PMK012', 'Pak Heri Prasetyo', 'pakheriprasetyo29@gmail.com', '085229777514', 'hashed_pw_pmk012');
INSERT INTO Pemilik_Kantin VALUES ('PMK013', 'Ibu Kartini', 'ibukartini4@gmail.com', '081242862209', 'hashed_pw_pmk013');
INSERT INTO Pemilik_Kantin VALUES ('PMK014', 'Bapak Wahyudi', 'bapakwahyudi61@gmail.com', '081371124923', 'hashed_pw_pmk014');
INSERT INTO Pemilik_Kantin VALUES ('PMK015', 'Bu Titik Sumarni', 'butitiksumarni54@gmail.com', '085261536717', 'hashed_pw_pmk015');
INSERT INTO Pemilik_Kantin VALUES ('PMK016', 'Pak Darminto', 'pakdarminto64@gmail.com', '087842747037', 'hashed_pw_pmk016');
INSERT INTO Pemilik_Kantin VALUES ('PMK017', 'Ibu Rahayu', 'iburahayu19@gmail.com', '081124305904', 'hashed_pw_pmk017');
INSERT INTO Pemilik_Kantin VALUES ('PMK018', 'Bapak Suroto', 'bapaksuroto55@gmail.com', '085333607110', 'hashed_pw_pmk018');
INSERT INTO Pemilik_Kantin VALUES ('PMK019', 'Bu Wati Handayani', 'buwatihandayani90@gmail.com', '088572350830', 'hashed_pw_pmk019');
INSERT INTO Pemilik_Kantin VALUES ('PMK020', 'Pak Mulyono', 'pakmulyono7@gmail.com', '088843446826', 'hashed_pw_pmk020');
INSERT INTO Pemilik_Kantin VALUES ('PMK021', 'Ibu Lasmi', 'ibulasmi16@gmail.com', '088227896471', 'hashed_pw_pmk021');
INSERT INTO Pemilik_Kantin VALUES ('PMK022', 'Bapak Suyanto', 'bapaksuyanto60@gmail.com', '088585017682', 'hashed_pw_pmk022');
INSERT INTO Pemilik_Kantin VALUES ('PMK023', 'Bu Tutik Lestari', 'bututiklestari77@gmail.com', '085969401199', 'hashed_pw_pmk023');
INSERT INTO Pemilik_Kantin VALUES ('PMK024', 'Pak Bambang Wiyono', 'pakbambangwiyono79@gmail.com', '088567276174', 'hashed_pw_pmk024');
INSERT INTO Pemilik_Kantin VALUES ('PMK025', 'Ibu Sulastri', 'ibusulastri71@gmail.com', '088231361812', 'hashed_pw_pmk025');
INSERT INTO Pemilik_Kantin VALUES ('PMK026', 'Bapak Triyono', 'bapaktriyono96@gmail.com', '088370407340', 'hashed_pw_pmk026');
INSERT INTO Pemilik_Kantin VALUES ('PMK027', 'Bu Ningsih', 'buningsih34@gmail.com', '085395585469', 'hashed_pw_pmk027');
INSERT INTO Pemilik_Kantin VALUES ('PMK028', 'Pak Hariyanto', 'pakhariyanto36@gmail.com', '088575041510', 'hashed_pw_pmk028');
INSERT INTO Pemilik_Kantin VALUES ('PMK029', 'Ibu Puji Astuti', 'ibupujiastuti81@gmail.com', '085346855845', 'hashed_pw_pmk029');
INSERT INTO Pemilik_Kantin VALUES ('PMK030', 'Bapak Suprapto', 'bapaksuprapto57@gmail.com', '081348349783', 'hashed_pw_pmk030');
INSERT INTO Pemilik_Kantin VALUES ('PMK031', 'Bu Khasanah', 'bukhasanah31@gmail.com', '085755076693', 'hashed_pw_pmk031');
INSERT INTO Pemilik_Kantin VALUES ('PMK032', 'Pak Warsito', 'pakwarsito41@gmail.com', '088820814950', 'hashed_pw_pmk032');
INSERT INTO Pemilik_Kantin VALUES ('PMK033', 'Ibu Sumiyati', 'ibusumiyati18@gmail.com', '082241039390', 'hashed_pw_pmk033');
INSERT INTO Pemilik_Kantin VALUES ('PMK034', 'Bapak Parman', 'bapakparman50@gmail.com', '082238716269', 'hashed_pw_pmk034');
INSERT INTO Pemilik_Kantin VALUES ('PMK035', 'Bu Lilis Suryani', 'bulilissuryani9@gmail.com', '088164707061', 'hashed_pw_pmk035');
INSERT INTO Pemilik_Kantin VALUES ('PMK036', 'Pak Sugeng', 'paksugeng43@gmail.com', '088872535301', 'hashed_pw_pmk036');
INSERT INTO Pemilik_Kantin VALUES ('PMK037', 'Ibu Fatimah', 'ibufatimah54@gmail.com', '081237760841', 'hashed_pw_pmk037');
INSERT INTO Pemilik_Kantin VALUES ('PMK038', 'Bapak Santoso', 'bapaksantoso54@gmail.com', '087888393811', 'hashed_pw_pmk038');
INSERT INTO Pemilik_Kantin VALUES ('PMK039', 'Bu Rusmini', 'burusmini90@gmail.com', '081187267850', 'hashed_pw_pmk039');
INSERT INTO Pemilik_Kantin VALUES ('PMK040', 'Pak Mujianto', 'pakmujianto49@gmail.com', '088310791358', 'hashed_pw_pmk040');

-- =====================================================
-- INSERT Kantin (40 rows)
-- =====================================================

INSERT INTO Kantin VALUES ('KNT001', 'Warung Nasi Bu Siti', 'Kantin Pusat ITS, Gedung Riset Center Lt.1', '08:00:00', '19:00:00', 4.6, 'PMK001');
INSERT INTO Kantin VALUES ('KNT002', 'Mie Ayam Pak Joko', 'Kantin Pusat ITS, Sayap Barat', '08:00:00', '18:00:00', 4.2, 'PMK002');
INSERT INTO Kantin VALUES ('KNT003', 'Soto Lamongan Cak Har', 'Kantin Pusat ITS, Sayap Timur', '08:00:00', '20:00:00', 4.2, 'PMK003');
INSERT INTO Kantin VALUES ('KNT004', 'Bakso Malang Arema', 'Kantin Pusat ITS, Area Depan', '08:00:00', '19:00:00', 4.5, 'PMK004');
INSERT INTO Kantin VALUES ('KNT005', 'Nasi Goreng Mas Budi', 'Kantin Pusat ITS, Area Belakang', '08:00:00', '18:00:00', 4.8, 'PMK005');
INSERT INTO Kantin VALUES ('KNT006', 'Rawon Setan Surabaya', 'Kantin Teknik Informatika, Gedung TC Lt.1', '07:00:00', '17:00:00', 4.9, 'PMK006');
INSERT INTO Kantin VALUES ('KNT007', 'Pecel Lele Lela', 'Kantin Teknik Informatika, Gedung TC Lt.Dasar', '09:00:00', '17:00:00', 3.6, 'PMK007');
INSERT INTO Kantin VALUES ('KNT008', 'Ayam Geprek Bensu', 'Kantin Teknik Informatika, Sebelah Musholla TC', '08:00:00', '18:00:00', 4.8, 'PMK008');
INSERT INTO Kantin VALUES ('KNT009', 'Nasi Padang Minang Jaya', 'Kantin Teknik Sipil, Gedung Teknik Sipil Lt.1', '07:00:00', '17:00:00', 3.9, 'PMK009');
INSERT INTO Kantin VALUES ('KNT010', 'Warung Tegal Sederhana', 'Kantin Teknik Sipil, Area Parkiran Sipil', '08:00:00', '18:00:00', 4.2, 'PMK010');
INSERT INTO Kantin VALUES ('KNT011', 'Es Teh Jumbo', 'Kantin Teknik Mesin, Gedung Teknik Mesin Lt.1', '08:00:00', '20:00:00', 3.9, 'PMK011');
INSERT INTO Kantin VALUES ('KNT012', 'Sate Madura Pak Amin', 'Kantin Teknik Mesin, Belakang Lab Mesin', '08:00:00', '19:00:00', 4.8, 'PMK012');
INSERT INTO Kantin VALUES ('KNT013', 'Nasi Campur Bu Rudy', 'Kantin Teknik Kimia, Jalan Teknik Kimia ITS', '08:00:00', '17:00:00', 4.6, 'PMK013');
INSERT INTO Kantin VALUES ('KNT014', 'Rujak Cingur Surabaya', 'Kantin Teknik Kimia, Sebelah Perpustakaan TK', '07:00:00', '19:00:00', 3.8, 'PMK014');
INSERT INTO Kantin VALUES ('KNT015', 'Lontong Balap Garuda', 'Kantin FMIPA, Gedung FMIPA Lt.1', '07:00:00', '17:00:00', 4.6, 'PMK015');
INSERT INTO Kantin VALUES ('KNT016', 'Tahu Tek Kenjeran', 'Kantin FMIPA, Sebelah Lab Fisika', '07:00:00', '18:00:00', 4.8, 'PMK016');
INSERT INTO Kantin VALUES ('KNT017', 'Nasi Pecel Bu Kus', 'Kantin Asrama Mahasiswa ITS, Blok U', '09:00:00', '18:00:00', 3.9, 'PMK017');
INSERT INTO Kantin VALUES ('KNT018', 'Gado-gado Boplo', 'Kantin Asrama Mahasiswa ITS, Blok T', '08:00:00', '17:00:00', 4.3, 'PMK018');
INSERT INTO Kantin VALUES ('KNT019', 'Nasi Kuning Madura', 'Kantin Asrama Mahasiswa ITS, Area Foodcourt', '07:00:00', '20:00:00', 4.5, 'PMK019');
INSERT INTO Kantin VALUES ('KNT020', 'Bubur Ayam Jakarta', 'Kantin Asrama Mahasiswa ITS, Blok J', '08:00:00', '18:00:00', 4.4, 'PMK020');
INSERT INTO Kantin VALUES ('KNT021', 'Ketoprak Betawi', 'Kantin SCC ITS, Student Community Center Lt.1', '09:00:00', '17:00:00', 4.7, 'PMK021');
INSERT INTO Kantin VALUES ('KNT022', 'Sop Buntut Pak Min', 'Kantin SCC ITS, Area Outdoor SCC', '07:00:00', '19:00:00', 3.7, 'PMK022');
INSERT INTO Kantin VALUES ('KNT023', 'Tongseng Kambing Solo', 'Kantin Graha ITS, Gedung Graha Sepuluh Nopember', '07:00:00', '19:00:00', 4.4, 'PMK023');
INSERT INTO Kantin VALUES ('KNT024', 'Gudeg Yu Djum', 'Kantin Graha ITS, Belakang Aula Graha', '08:00:00', '20:00:00', 4.9, 'PMK024');
INSERT INTO Kantin VALUES ('KNT025', 'Nasi Uduk Betawi', 'Kantin Manarul Ilmi, Masjid Manarul Ilmi ITS', '07:00:00', '17:00:00', 4.4, 'PMK025');
INSERT INTO Kantin VALUES ('KNT026', 'Geprek Kang Mus', 'Kantin Teknik Elektro, Gedung AJ Lt.1', '09:00:00', '18:00:00', 3.7, 'PMK026');
INSERT INTO Kantin VALUES ('KNT027', 'Dimsum Bamboo', 'Kantin Teknik Elektro, Sebelah Lab Elektronika', '08:00:00', '17:00:00', 4.7, 'PMK027');
INSERT INTO Kantin VALUES ('KNT028', 'Ramen Ichiban', 'Kantin Desain, Gedung Desain Produk Lt.1', '09:00:00', '17:00:00', 4.0, 'PMK028');
INSERT INTO Kantin VALUES ('KNT029', 'Seblak Bandung Juara', 'Kantin Arsitektur, Gedung Arsitektur ITS', '08:00:00', '19:00:00', 3.6, 'PMK029');
INSERT INTO Kantin VALUES ('KNT030', 'Mie Aceh Pak Tong', 'Kantin Teknik Industri, Gedung TI Lt.1', '09:00:00', '19:00:00', 3.5, 'PMK030');
INSERT INTO Kantin VALUES ('KNT031', 'Pempek Palembang Asli', 'Kantin Teknik Perkapalan, Gedung Perkapalan ITS', '08:00:00', '20:00:00', 3.7, 'PMK031');
INSERT INTO Kantin VALUES ('KNT032', 'Nasi Liwet Solo', 'Kantin Teknik Kelautan, Sebelah Kolam Renang ITS', '08:00:00', '20:00:00', 4.6, 'PMK032');
INSERT INTO Kantin VALUES ('KNT033', 'Ayam Bakar Wong Solo', 'Kantin Teknik Lingkungan, Gedung TL Lt.1', '08:00:00', '18:00:00', 4.6, 'PMK033');
INSERT INTO Kantin VALUES ('KNT034', 'Warung Sego Sambel', 'Kantin PWK, Gedung Planologi ITS', '09:00:00', '19:00:00', 4.4, 'PMK034');
INSERT INTO Kantin VALUES ('KNT035', 'Bebek Goreng H. Slamet', 'Kantin Sistem Informasi, Gedung SI Lt.1', '09:00:00', '20:00:00', 4.2, 'PMK035');
INSERT INTO Kantin VALUES ('KNT036', 'Nasi Jagung Bu Dar', 'Kantin Teknik Geomatika, Gedung Geomatika ITS', '09:00:00', '19:00:00', 4.0, 'PMK036');
INSERT INTO Kantin VALUES ('KNT037', 'Cwie Mie Malang', 'Kantin Teknik Material, Gedung Material ITS', '07:00:00', '17:00:00', 3.9, 'PMK037');
INSERT INTO Kantin VALUES ('KNT038', 'Es Campur Legendaris', 'Kantin Teknik Biomedik, Gedung Biomedik ITS', '08:00:00', '18:00:00', 4.6, 'PMK038');
INSERT INTO Kantin VALUES ('KNT039', 'Teh Poci Pak Kumis', 'Kantin Sains dan Analitika, Gedung SA Lt.1', '09:00:00', '20:00:00', 4.0, 'PMK039');
INSERT INTO Kantin VALUES ('KNT040', 'Kedai Kopi Kenangan', 'Kantin Bundaran ITS, Area Bundaran ITS', '08:00:00', '19:00:00', 3.8, 'PMK040');

-- =====================================================
-- INSERT Sesi_Waktu (80 rows - 2 sesi per kantin)
-- =====================================================

INSERT INTO Sesi_Waktu VALUES ('SLT001', 'Siang', '11:00:00', '13:30:00', 28, TRUE, 'KNT001');
INSERT INTO Sesi_Waktu VALUES ('SLT002', 'Sore', '15:30:00', '18:00:00', 31, TRUE, 'KNT001');
INSERT INTO Sesi_Waktu VALUES ('SLT003', 'Siang', '11:00:00', '13:30:00', 32, TRUE, 'KNT002');
INSERT INTO Sesi_Waktu VALUES ('SLT004', 'Sore', '15:30:00', '18:00:00', 48, TRUE, 'KNT002');
INSERT INTO Sesi_Waktu VALUES ('SLT005', 'Siang', '11:00:00', '13:30:00', 20, TRUE, 'KNT003');
INSERT INTO Sesi_Waktu VALUES ('SLT006', 'Sore', '15:30:00', '18:00:00', 41, TRUE, 'KNT003');
INSERT INTO Sesi_Waktu VALUES ('SLT007', 'Siang', '11:00:00', '13:30:00', 30, TRUE, 'KNT004');
INSERT INTO Sesi_Waktu VALUES ('SLT008', 'Sore', '15:30:00', '18:00:00', 46, TRUE, 'KNT004');
INSERT INTO Sesi_Waktu VALUES ('SLT009', 'Siang', '11:00:00', '13:30:00', 16, FALSE, 'KNT005');
INSERT INTO Sesi_Waktu VALUES ('SLT010', 'Sore', '15:30:00', '18:00:00', 29, TRUE, 'KNT005');
INSERT INTO Sesi_Waktu VALUES ('SLT011', 'Siang', '11:00:00', '13:30:00', 30, TRUE, 'KNT006');
INSERT INTO Sesi_Waktu VALUES ('SLT012', 'Sore', '15:30:00', '18:00:00', 38, TRUE, 'KNT006');
INSERT INTO Sesi_Waktu VALUES ('SLT013', 'Siang', '11:00:00', '13:30:00', 48, TRUE, 'KNT007');
INSERT INTO Sesi_Waktu VALUES ('SLT014', 'Sore', '15:30:00', '18:00:00', 50, TRUE, 'KNT007');
INSERT INTO Sesi_Waktu VALUES ('SLT015', 'Siang', '11:00:00', '13:30:00', 44, TRUE, 'KNT008');
INSERT INTO Sesi_Waktu VALUES ('SLT016', 'Sore', '15:30:00', '18:00:00', 31, TRUE, 'KNT008');
INSERT INTO Sesi_Waktu VALUES ('SLT017', 'Siang', '11:00:00', '13:30:00', 27, TRUE, 'KNT009');
INSERT INTO Sesi_Waktu VALUES ('SLT018', 'Sore', '15:30:00', '18:00:00', 49, TRUE, 'KNT009');
INSERT INTO Sesi_Waktu VALUES ('SLT019', 'Siang', '11:00:00', '13:30:00', 26, TRUE, 'KNT010');
INSERT INTO Sesi_Waktu VALUES ('SLT020', 'Sore', '15:30:00', '18:00:00', 45, TRUE, 'KNT010');
INSERT INTO Sesi_Waktu VALUES ('SLT021', 'Siang', '11:00:00', '13:30:00', 48, TRUE, 'KNT011');
INSERT INTO Sesi_Waktu VALUES ('SLT022', 'Sore', '15:30:00', '18:00:00', 21, TRUE, 'KNT011');
INSERT INTO Sesi_Waktu VALUES ('SLT023', 'Siang', '11:00:00', '13:30:00', 33, TRUE, 'KNT012');
INSERT INTO Sesi_Waktu VALUES ('SLT024', 'Sore', '15:30:00', '18:00:00', 26, TRUE, 'KNT012');
INSERT INTO Sesi_Waktu VALUES ('SLT025', 'Siang', '11:00:00', '13:30:00', 49, TRUE, 'KNT013');
INSERT INTO Sesi_Waktu VALUES ('SLT026', 'Sore', '15:30:00', '18:00:00', 17, TRUE, 'KNT013');
INSERT INTO Sesi_Waktu VALUES ('SLT027', 'Siang', '11:00:00', '13:30:00', 50, TRUE, 'KNT014');
INSERT INTO Sesi_Waktu VALUES ('SLT028', 'Sore', '15:30:00', '18:00:00', 23, TRUE, 'KNT014');
INSERT INTO Sesi_Waktu VALUES ('SLT029', 'Siang', '11:00:00', '13:30:00', 46, TRUE, 'KNT015');
INSERT INTO Sesi_Waktu VALUES ('SLT030', 'Sore', '15:30:00', '18:00:00', 15, TRUE, 'KNT015');
INSERT INTO Sesi_Waktu VALUES ('SLT031', 'Siang', '11:00:00', '13:30:00', 45, TRUE, 'KNT016');
INSERT INTO Sesi_Waktu VALUES ('SLT032', 'Sore', '15:30:00', '18:00:00', 36, TRUE, 'KNT016');
INSERT INTO Sesi_Waktu VALUES ('SLT033', 'Siang', '11:00:00', '13:30:00', 18, TRUE, 'KNT017');
INSERT INTO Sesi_Waktu VALUES ('SLT034', 'Sore', '15:30:00', '18:00:00', 45, TRUE, 'KNT017');
INSERT INTO Sesi_Waktu VALUES ('SLT035', 'Siang', '11:00:00', '13:30:00', 19, TRUE, 'KNT018');
INSERT INTO Sesi_Waktu VALUES ('SLT036', 'Sore', '15:30:00', '18:00:00', 19, TRUE, 'KNT018');
INSERT INTO Sesi_Waktu VALUES ('SLT037', 'Siang', '11:00:00', '13:30:00', 18, TRUE, 'KNT019');
INSERT INTO Sesi_Waktu VALUES ('SLT038', 'Sore', '15:30:00', '18:00:00', 34, FALSE, 'KNT019');
INSERT INTO Sesi_Waktu VALUES ('SLT039', 'Siang', '11:00:00', '13:30:00', 30, TRUE, 'KNT020');
INSERT INTO Sesi_Waktu VALUES ('SLT040', 'Sore', '15:30:00', '18:00:00', 41, TRUE, 'KNT020');
INSERT INTO Sesi_Waktu VALUES ('SLT041', 'Siang', '11:00:00', '13:30:00', 29, TRUE, 'KNT021');
INSERT INTO Sesi_Waktu VALUES ('SLT042', 'Sore', '15:30:00', '18:00:00', 39, TRUE, 'KNT021');
INSERT INTO Sesi_Waktu VALUES ('SLT043', 'Siang', '11:00:00', '13:30:00', 43, TRUE, 'KNT022');
INSERT INTO Sesi_Waktu VALUES ('SLT044', 'Sore', '15:30:00', '18:00:00', 42, TRUE, 'KNT022');
INSERT INTO Sesi_Waktu VALUES ('SLT045', 'Siang', '11:00:00', '13:30:00', 18, TRUE, 'KNT023');
INSERT INTO Sesi_Waktu VALUES ('SLT046', 'Sore', '15:30:00', '18:00:00', 21, TRUE, 'KNT023');
INSERT INTO Sesi_Waktu VALUES ('SLT047', 'Siang', '11:00:00', '13:30:00', 28, TRUE, 'KNT024');
INSERT INTO Sesi_Waktu VALUES ('SLT048', 'Sore', '15:30:00', '18:00:00', 31, TRUE, 'KNT024');
INSERT INTO Sesi_Waktu VALUES ('SLT049', 'Siang', '11:00:00', '13:30:00', 25, TRUE, 'KNT025');
INSERT INTO Sesi_Waktu VALUES ('SLT050', 'Sore', '15:30:00', '18:00:00', 50, FALSE, 'KNT025');
INSERT INTO Sesi_Waktu VALUES ('SLT051', 'Siang', '11:00:00', '13:30:00', 15, TRUE, 'KNT026');
INSERT INTO Sesi_Waktu VALUES ('SLT052', 'Sore', '15:30:00', '18:00:00', 45, TRUE, 'KNT026');
INSERT INTO Sesi_Waktu VALUES ('SLT053', 'Siang', '11:00:00', '13:30:00', 29, TRUE, 'KNT027');
INSERT INTO Sesi_Waktu VALUES ('SLT054', 'Sore', '15:30:00', '18:00:00', 33, TRUE, 'KNT027');
INSERT INTO Sesi_Waktu VALUES ('SLT055', 'Siang', '11:00:00', '13:30:00', 44, FALSE, 'KNT028');
INSERT INTO Sesi_Waktu VALUES ('SLT056', 'Sore', '15:30:00', '18:00:00', 29, TRUE, 'KNT028');
INSERT INTO Sesi_Waktu VALUES ('SLT057', 'Siang', '11:00:00', '13:30:00', 27, TRUE, 'KNT029');
INSERT INTO Sesi_Waktu VALUES ('SLT058', 'Sore', '15:30:00', '18:00:00', 49, TRUE, 'KNT029');
INSERT INTO Sesi_Waktu VALUES ('SLT059', 'Siang', '11:00:00', '13:30:00', 24, TRUE, 'KNT030');
INSERT INTO Sesi_Waktu VALUES ('SLT060', 'Sore', '15:30:00', '18:00:00', 24, FALSE, 'KNT030');
INSERT INTO Sesi_Waktu VALUES ('SLT061', 'Siang', '11:00:00', '13:30:00', 25, TRUE, 'KNT031');
INSERT INTO Sesi_Waktu VALUES ('SLT062', 'Sore', '15:30:00', '18:00:00', 33, TRUE, 'KNT031');
INSERT INTO Sesi_Waktu VALUES ('SLT063', 'Siang', '11:00:00', '13:30:00', 44, TRUE, 'KNT032');
INSERT INTO Sesi_Waktu VALUES ('SLT064', 'Sore', '15:30:00', '18:00:00', 40, TRUE, 'KNT032');
INSERT INTO Sesi_Waktu VALUES ('SLT065', 'Siang', '11:00:00', '13:30:00', 47, TRUE, 'KNT033');
INSERT INTO Sesi_Waktu VALUES ('SLT066', 'Sore', '15:30:00', '18:00:00', 43, FALSE, 'KNT033');
INSERT INTO Sesi_Waktu VALUES ('SLT067', 'Siang', '11:00:00', '13:30:00', 17, TRUE, 'KNT034');
INSERT INTO Sesi_Waktu VALUES ('SLT068', 'Sore', '15:30:00', '18:00:00', 35, TRUE, 'KNT034');
INSERT INTO Sesi_Waktu VALUES ('SLT069', 'Siang', '11:00:00', '13:30:00', 16, FALSE, 'KNT035');
INSERT INTO Sesi_Waktu VALUES ('SLT070', 'Sore', '15:30:00', '18:00:00', 16, TRUE, 'KNT035');
INSERT INTO Sesi_Waktu VALUES ('SLT071', 'Siang', '11:00:00', '13:30:00', 32, TRUE, 'KNT036');
INSERT INTO Sesi_Waktu VALUES ('SLT072', 'Sore', '15:30:00', '18:00:00', 26, TRUE, 'KNT036');
INSERT INTO Sesi_Waktu VALUES ('SLT073', 'Siang', '11:00:00', '13:30:00', 43, TRUE, 'KNT037');
INSERT INTO Sesi_Waktu VALUES ('SLT074', 'Sore', '15:30:00', '18:00:00', 26, TRUE, 'KNT037');
INSERT INTO Sesi_Waktu VALUES ('SLT075', 'Siang', '11:00:00', '13:30:00', 42, TRUE, 'KNT038');
INSERT INTO Sesi_Waktu VALUES ('SLT076', 'Sore', '15:30:00', '18:00:00', 46, TRUE, 'KNT038');
INSERT INTO Sesi_Waktu VALUES ('SLT077', 'Siang', '11:00:00', '13:30:00', 45, TRUE, 'KNT039');
INSERT INTO Sesi_Waktu VALUES ('SLT078', 'Sore', '15:30:00', '18:00:00', 36, TRUE, 'KNT039');
INSERT INTO Sesi_Waktu VALUES ('SLT079', 'Siang', '11:00:00', '13:30:00', 21, TRUE, 'KNT040');
INSERT INTO Sesi_Waktu VALUES ('SLT080', 'Sore', '15:30:00', '18:00:00', 36, TRUE, 'KNT040');

-- =====================================================
-- INSERT Kategori_Menu (40 rows)
-- =====================================================

INSERT INTO Kategori_Menu VALUES ('KAT001', 'Nasi', 'Aneka menu berbahan dasar nasi', 'KNT001');
INSERT INTO Kategori_Menu VALUES ('KAT002', 'Mie', 'Aneka mie dan kwetiau', 'KNT002');
INSERT INTO Kategori_Menu VALUES ('KAT003', 'Soto dan Sup', 'Soto, sup, dan berkuah', 'KNT003');
INSERT INTO Kategori_Menu VALUES ('KAT004', 'Bakso', 'Aneka bakso dan pentol', 'KNT004');
INSERT INTO Kategori_Menu VALUES ('KAT005', 'Ayam', 'Aneka olahan ayam', 'KNT005');
INSERT INTO Kategori_Menu VALUES ('KAT006', 'Sate', 'Aneka sate', 'KNT006');
INSERT INTO Kategori_Menu VALUES ('KAT007', 'Gorengan', 'Aneka gorengan dan snack', 'KNT007');
INSERT INTO Kategori_Menu VALUES ('KAT008', 'Minuman Dingin', 'Es, jus, dan minuman dingin', 'KNT008');
INSERT INTO Kategori_Menu VALUES ('KAT009', 'Minuman Panas', 'Kopi, teh, dan minuman panas', 'KNT009');
INSERT INTO Kategori_Menu VALUES ('KAT010', 'Pecel dan Lalapan', 'Pecel, lalapan, dan sambal', 'KNT010');
INSERT INTO Kategori_Menu VALUES ('KAT011', 'Seafood', 'Aneka seafood', 'KNT011');
INSERT INTO Kategori_Menu VALUES ('KAT012', 'Padang', 'Masakan Padang', 'KNT012');
INSERT INTO Kategori_Menu VALUES ('KAT013', 'Jawa', 'Masakan khas Jawa', 'KNT013');
INSERT INTO Kategori_Menu VALUES ('KAT014', 'Dimsum', 'Aneka dimsum', 'KNT014');
INSERT INTO Kategori_Menu VALUES ('KAT015', 'Ramen', 'Ramen dan mie Jepang', 'KNT015');
INSERT INTO Kategori_Menu VALUES ('KAT016', 'Seblak', 'Aneka seblak pedas', 'KNT016');
INSERT INTO Kategori_Menu VALUES ('KAT017', 'Pempek', 'Pempek dan tekwan', 'KNT017');
INSERT INTO Kategori_Menu VALUES ('KAT018', 'Bubur', 'Aneka bubur', 'KNT018');
INSERT INTO Kategori_Menu VALUES ('KAT019', 'Lontong dan Ketupat', 'Lontong, ketupat, dan nasi tumpeng', 'KNT019');
INSERT INTO Kategori_Menu VALUES ('KAT020', 'Bebek', 'Aneka olahan bebek', 'KNT020');
INSERT INTO Kategori_Menu VALUES ('KAT021', 'Dessert', 'Kue, es krim, dan makanan penutup', 'KNT021');
INSERT INTO Kategori_Menu VALUES ('KAT022', 'Rujak', 'Aneka rujak dan lotis', 'KNT022');
INSERT INTO Kategori_Menu VALUES ('KAT023', 'Gado-gado', 'Gado-gado, ketoprak, tahu tek', 'KNT023');
INSERT INTO Kategori_Menu VALUES ('KAT024', 'Nasi Goreng', 'Aneka nasi goreng spesial', 'KNT024');
INSERT INTO Kategori_Menu VALUES ('KAT025', 'Paket Hemat', 'Paket makanan hemat mahasiswa', 'KNT025');
INSERT INTO Kategori_Menu VALUES ('KAT026', 'Jus Buah', 'Aneka jus buah segar', 'KNT026');
INSERT INTO Kategori_Menu VALUES ('KAT027', 'Sop dan Rawon', 'Sop, rawon, dan semur', 'KNT027');
INSERT INTO Kategori_Menu VALUES ('KAT028', 'Ikan', 'Aneka olahan ikan', 'KNT028');
INSERT INTO Kategori_Menu VALUES ('KAT029', 'Makanan Ringan', 'Snack dan cemilan', 'KNT029');
INSERT INTO Kategori_Menu VALUES ('KAT030', 'Nasi Campur', 'Nasi campur dan nasi rames', 'KNT030');
INSERT INTO Kategori_Menu VALUES ('KAT031', 'Mie Ayam', 'Mie ayam dan pangsit', 'KNT031');
INSERT INTO Kategori_Menu VALUES ('KAT032', 'Tahu dan Tempe', 'Aneka olahan tahu tempe', 'KNT032');
INSERT INTO Kategori_Menu VALUES ('KAT033', 'Sambal', 'Nasi dengan aneka sambal', 'KNT033');
INSERT INTO Kategori_Menu VALUES ('KAT034', 'Geprek', 'Ayam geprek berbagai level', 'KNT034');
INSERT INTO Kategori_Menu VALUES ('KAT035', 'Bakar', 'Aneka bakaran', 'KNT035');
INSERT INTO Kategori_Menu VALUES ('KAT036', 'Nasi Kuning', 'Nasi kuning dan tumpeng', 'KNT036');
INSERT INTO Kategori_Menu VALUES ('KAT037', 'Kopi', 'Aneka kopi nusantara', 'KNT037');
INSERT INTO Kategori_Menu VALUES ('KAT038', 'Tongseng', 'Tongseng dan tengkleng', 'KNT038');
INSERT INTO Kategori_Menu VALUES ('KAT039', 'Gudeg', 'Gudeg khas Jogja', 'KNT039');
INSERT INTO Kategori_Menu VALUES ('KAT040', 'Siomay', 'Siomay dan batagor', 'KNT040');

-- =====================================================
-- INSERT Menu (85 rows)
-- =====================================================

INSERT INTO Menu VALUES ('MNU001', 'Nasi Goreng Spesial', 'Nasi goreng dengan telur, ayam, dan sayuran', 15000.00, TRUE, 41, 9, 'KAT024');
INSERT INTO Menu VALUES ('MNU002', 'Nasi Goreng Seafood', 'Nasi goreng dengan udang dan cumi', 18000.00, TRUE, 35, 17, 'KAT024');
INSERT INTO Menu VALUES ('MNU003', 'Mie Ayam Bakso', 'Mie ayam dengan bakso sapi', 12000.00, TRUE, 12, 7, 'KAT031');
INSERT INTO Menu VALUES ('MNU004', 'Mie Ayam Pangsit', 'Mie ayam dengan pangsit goreng', 13000.00, TRUE, 15, 10, 'KAT031');
INSERT INTO Menu VALUES ('MNU005', 'Soto Ayam Lamongan', 'Soto ayam khas Lamongan', 12000.00, TRUE, 26, 10, 'KAT003');
INSERT INTO Menu VALUES ('MNU006', 'Soto Daging Madura', 'Soto daging sapi khas Madura', 18000.00, TRUE, 17, 12, 'KAT003');
INSERT INTO Menu VALUES ('MNU007', 'Bakso Urat', 'Bakso urat sapi jumbo', 15000.00, TRUE, 42, 0, 'KAT004');
INSERT INTO Menu VALUES ('MNU008', 'Bakso Telur', 'Bakso isi telur puyuh', 13000.00, TRUE, 44, 14, 'KAT004');
INSERT INTO Menu VALUES ('MNU009', 'Ayam Geprek Sambal Matah', 'Ayam geprek level 1-5 dengan sambal matah', 14000.00, TRUE, 36, 1, 'KAT034');
INSERT INTO Menu VALUES ('MNU010', 'Ayam Geprek Mozarella', 'Ayam geprek dengan keju mozarella', 18000.00, TRUE, 22, 16, 'KAT034');
INSERT INTO Menu VALUES ('MNU011', 'Nasi Padang Rendang', 'Nasi dengan rendang sapi asli', 20000.00, TRUE, 33, 19, 'KAT012');
INSERT INTO Menu VALUES ('MNU012', 'Nasi Padang Ayam Pop', 'Nasi dengan ayam pop dan sambal', 17000.00, TRUE, 41, 20, 'KAT012');
INSERT INTO Menu VALUES ('MNU013', 'Sate Ayam Madura', '10 tusuk sate ayam plus lontong', 15000.00, TRUE, 38, 1, 'KAT006');
INSERT INTO Menu VALUES ('MNU014', 'Sate Kambing', '10 tusuk sate kambing', 25000.00, TRUE, 23, 8, 'KAT006');
INSERT INTO Menu VALUES ('MNU015', 'Pecel Lele Goreng', 'Lele goreng dengan sambal pecel', 13000.00, TRUE, 45, 4, 'KAT010');
INSERT INTO Menu VALUES ('MNU016', 'Nasi Pecel Komplit', 'Nasi pecel dengan lauk lengkap', 12000.00, TRUE, 28, 14, 'KAT010');
INSERT INTO Menu VALUES ('MNU017', 'Rawon Daging Sapi', 'Rawon daging sapi khas Surabaya', 20000.00, TRUE, 41, 3, 'KAT027');
INSERT INTO Menu VALUES ('MNU018', 'Sop Iga Sapi', 'Sop iga sapi dengan kuah bening', 25000.00, TRUE, 11, 10, 'KAT027');
INSERT INTO Menu VALUES ('MNU019', 'Rujak Cingur', 'Rujak cingur khas Surabaya asli', 15000.00, TRUE, 48, 7, 'KAT022');
INSERT INTO Menu VALUES ('MNU020', 'Rujak Buah Segar', 'Rujak buah campur dengan bumbu petis', 10000.00, TRUE, 20, 9, 'KAT022');
INSERT INTO Menu VALUES ('MNU021', 'Lontong Balap', 'Lontong balap khas Surabaya', 12000.00, TRUE, 45, 0, 'KAT019');
INSERT INTO Menu VALUES ('MNU022', 'Lontong Sayur', 'Lontong sayur dengan opor ayam', 13000.00, TRUE, 45, 13, 'KAT019');
INSERT INTO Menu VALUES ('MNU023', 'Tahu Tek', 'Tahu tek khas Surabaya dengan petis', 10000.00, TRUE, 15, 7, 'KAT023');
INSERT INTO Menu VALUES ('MNU024', 'Gado-gado Jakarta', 'Gado-gado dengan bumbu kacang', 12000.00, TRUE, 17, 14, 'KAT023');
INSERT INTO Menu VALUES ('MNU025', 'Nasi Kuning Madura', 'Nasi kuning dengan ayam suwir', 12000.00, TRUE, 17, 4, 'KAT036');
INSERT INTO Menu VALUES ('MNU026', 'Nasi Kuning Telur Balado', 'Nasi kuning dengan telur balado', 11000.00, TRUE, 41, 9, 'KAT036');
INSERT INTO Menu VALUES ('MNU027', 'Bubur Ayam Spesial', 'Bubur ayam dengan cakwe dan kerupuk', 12000.00, TRUE, 42, 8, 'KAT018');
INSERT INTO Menu VALUES ('MNU028', 'Bubur Kacang Hijau', 'Bubur kacang hijau hangat', 8000.00, TRUE, 36, 15, 'KAT018');
INSERT INTO Menu VALUES ('MNU029', 'Ketoprak Jakarta', 'Ketoprak dengan bumbu kacang', 11000.00, TRUE, 40, 7, 'KAT023');
INSERT INTO Menu VALUES ('MNU030', 'Nasi Campur Bali', 'Nasi campur khas Bali komplit', 18000.00, TRUE, 39, 17, 'KAT030');
INSERT INTO Menu VALUES ('MNU031', 'Nasi Campur Bu Rudy', 'Nasi campur khas Surabaya', 20000.00, TRUE, 19, 12, 'KAT030');
INSERT INTO Menu VALUES ('MNU032', 'Tongseng Kambing', 'Tongseng kambing khas Solo', 22000.00, TRUE, 22, 19, 'KAT038');
INSERT INTO Menu VALUES ('MNU033', 'Tengkleng Kambing', 'Tengkleng iga kambing Solo', 20000.00, TRUE, 42, 4, 'KAT038');
INSERT INTO Menu VALUES ('MNU034', 'Gudeg Jogja Komplit', 'Gudeg komplit dengan opor dan krecek', 18000.00, TRUE, 14, 4, 'KAT039');
INSERT INTO Menu VALUES ('MNU035', 'Gudeg Nangka', 'Gudeg nangka tanpa tulang', 15000.00, TRUE, 36, 10, 'KAT039');
INSERT INTO Menu VALUES ('MNU036', 'Nasi Uduk Betawi', 'Nasi uduk dengan ayam goreng', 14000.00, TRUE, 42, 8, 'KAT001');
INSERT INTO Menu VALUES ('MNU037', 'Nasi Rames Jawa', 'Nasi rames dengan pilihan lauk', 13000.00, TRUE, 10, 4, 'KAT001');
INSERT INTO Menu VALUES ('MNU038', 'Dimsum Hakau', 'Hakau udang kukus 4 pcs', 15000.00, TRUE, 29, 18, 'KAT014');
INSERT INTO Menu VALUES ('MNU039', 'Dimsum Siomay Ayam', 'Siomay ayam kukus 4 pcs', 13000.00, TRUE, 47, 15, 'KAT014');
INSERT INTO Menu VALUES ('MNU040', 'Ramen Miso', 'Ramen kuah miso Jepang', 22000.00, TRUE, 19, 14, 'KAT015');
INSERT INTO Menu VALUES ('MNU041', 'Ramen Shoyu', 'Ramen kuah kecap Jepang', 22000.00, TRUE, 44, 15, 'KAT015');
INSERT INTO Menu VALUES ('MNU042', 'Seblak Original', 'Seblak kerupuk level pedas 1-5', 12000.00, TRUE, 32, 10, 'KAT016');
INSERT INTO Menu VALUES ('MNU043', 'Seblak Seafood', 'Seblak dengan topping seafood', 16000.00, TRUE, 45, 17, 'KAT016');
INSERT INTO Menu VALUES ('MNU044', 'Pempek Kapal Selam', 'Pempek telur khas Palembang', 10000.00, TRUE, 34, 14, 'KAT017');
INSERT INTO Menu VALUES ('MNU045', 'Pempek Lenjer', 'Pempek lenjer 3 pcs dengan cuko', 12000.00, TRUE, 30, 6, 'KAT017');
INSERT INTO Menu VALUES ('MNU046', 'Bebek Goreng Kremes', 'Bebek goreng dengan kremesan', 22000.00, TRUE, 25, 18, 'KAT020');
INSERT INTO Menu VALUES ('MNU047', 'Bebek Penyet Sambal', 'Bebek penyet sambal bawang', 20000.00, TRUE, 34, 7, 'KAT020');
INSERT INTO Menu VALUES ('MNU048', 'Es Teh Manis', 'Es teh manis segar', 5000.00, TRUE, 36, 1, 'KAT008');
INSERT INTO Menu VALUES ('MNU049', 'Es Jeruk Peras', 'Es jeruk peras segar', 7000.00, TRUE, 30, 15, 'KAT008');
INSERT INTO Menu VALUES ('MNU050', 'Jus Alpukat', 'Jus alpukat segar dengan susu', 10000.00, TRUE, 34, 12, 'KAT026');
INSERT INTO Menu VALUES ('MNU051', 'Jus Mangga', 'Jus mangga segar tanpa gula', 8000.00, TRUE, 19, 15, 'KAT026');
INSERT INTO Menu VALUES ('MNU052', 'Kopi Hitam', 'Kopi hitam tubruk Jawa', 5000.00, TRUE, 12, 2, 'KAT037');
INSERT INTO Menu VALUES ('MNU053', 'Kopi Susu Gula Aren', 'Es kopi susu dengan gula aren', 12000.00, TRUE, 42, 18, 'KAT037');
INSERT INTO Menu VALUES ('MNU054', 'Teh Poci Hangat', 'Teh poci khas Tegal', 5000.00, TRUE, 31, 3, 'KAT009');
INSERT INTO Menu VALUES ('MNU055', 'Wedang Jahe', 'Wedang jahe hangat', 7000.00, TRUE, 38, 3, 'KAT009');
INSERT INTO Menu VALUES ('MNU056', 'Nasi Goreng Kampung', 'Nasi goreng bumbu kampung', 13000.00, TRUE, 43, 14, 'KAT024');
INSERT INTO Menu VALUES ('MNU057', 'Mie Goreng Jawa', 'Mie goreng khas Jawa', 12000.00, TRUE, 10, 2, 'KAT002');
INSERT INTO Menu VALUES ('MNU058', 'Kwetiau Goreng', 'Kwetiau goreng seafood', 15000.00, TRUE, 36, 20, 'KAT002');
INSERT INTO Menu VALUES ('MNU059', 'Ayam Bakar Kalasan', 'Ayam bakar bumbu kalasan', 18000.00, TRUE, 19, 2, 'KAT035');
INSERT INTO Menu VALUES ('MNU060', 'Ikan Bakar Bumbu Rujak', 'Ikan bakar dengan bumbu rujak', 22000.00, TRUE, 40, 8, 'KAT035');
INSERT INTO Menu VALUES ('MNU061', 'Udang Goreng Tepung', 'Udang goreng tepung crispy', 20000.00, TRUE, 31, 19, 'KAT011');
INSERT INTO Menu VALUES ('MNU062', 'Cumi Goreng Tepung', 'Cumi goreng tepung', 18000.00, TRUE, 35, 20, 'KAT011');
INSERT INTO Menu VALUES ('MNU063', 'Ikan Gurami Asam Manis', 'Gurami goreng saus asam manis', 30000.00, TRUE, 15, 10, 'KAT028');
INSERT INTO Menu VALUES ('MNU064', 'Ikan Nila Bakar', 'Ikan nila bakar bumbu kecap', 20000.00, TRUE, 44, 12, 'KAT028');
INSERT INTO Menu VALUES ('MNU065', 'Tahu Goreng Crispy', 'Tahu goreng crispy 5 pcs', 8000.00, TRUE, 30, 20, 'KAT032');
INSERT INTO Menu VALUES ('MNU066', 'Tempe Mendoan', 'Tempe mendoan tipis 5 pcs', 8000.00, TRUE, 41, 17, 'KAT032');
INSERT INTO Menu VALUES ('MNU067', 'Nasi Sambel Bawang', 'Nasi putih dengan sambal bawang', 10000.00, TRUE, 12, 9, 'KAT033');
INSERT INTO Menu VALUES ('MNU068', 'Nasi Sambel Matah', 'Nasi putih dengan sambal matah Bali', 11000.00, TRUE, 14, 3, 'KAT033');
INSERT INTO Menu VALUES ('MNU069', 'Pisang Goreng Coklat', 'Pisang goreng topping coklat', 8000.00, TRUE, 50, 9, 'KAT021');
INSERT INTO Menu VALUES ('MNU070', 'Es Campur', 'Es campur buah segar', 10000.00, TRUE, 24, 2, 'KAT021');
INSERT INTO Menu VALUES ('MNU071', 'Tahu Crispy Pedas', 'Tahu crispy dengan saus pedas', 7000.00, TRUE, 37, 3, 'KAT029');
INSERT INTO Menu VALUES ('MNU072', 'Kentang Goreng', 'French fries dengan saus sambal', 10000.00, TRUE, 50, 3, 'KAT029');
INSERT INTO Menu VALUES ('MNU073', 'Paket Nasi Ayam Hemat', 'Nasi plus ayam goreng plus es teh', 15000.00, TRUE, 38, 5, 'KAT025');
INSERT INTO Menu VALUES ('MNU074', 'Paket Nasi Lele Hemat', 'Nasi plus lele goreng plus es teh', 14000.00, TRUE, 29, 0, 'KAT025');
INSERT INTO Menu VALUES ('MNU075', 'Nasi Liwet Solo', 'Nasi liwet khas Solo komplit', 16000.00, TRUE, 12, 5, 'KAT001');
INSERT INTO Menu VALUES ('MNU076', 'Ayam Penyet Sambal Terasi', 'Ayam penyet sambal terasi', 15000.00, TRUE, 13, 4, 'KAT005');
INSERT INTO Menu VALUES ('MNU077', 'Ayam Kremes', 'Ayam goreng dengan kremesan', 16000.00, TRUE, 32, 11, 'KAT005');
INSERT INTO Menu VALUES ('MNU078', 'Siomay Bandung', 'Siomay bandung isi 5 komplit', 12000.00, TRUE, 37, 4, 'KAT040');
INSERT INTO Menu VALUES ('MNU079', 'Batagor Kuah', 'Batagor kuah kacang khas Bandung', 12000.00, TRUE, 25, 16, 'KAT040');
INSERT INTO Menu VALUES ('MNU080', 'Mie Aceh Goreng', 'Mie Aceh goreng spesial', 16000.00, TRUE, 36, 18, 'KAT002');
INSERT INTO Menu VALUES ('MNU081', 'Cwie Mie Malang', 'Cwie mie khas Malang', 13000.00, TRUE, 21, 5, 'KAT002');
INSERT INTO Menu VALUES ('MNU082', 'Nasi Jagung', 'Nasi jagung khas NTT', 10000.00, TRUE, 21, 2, 'KAT001');
INSERT INTO Menu VALUES ('MNU083', 'Sego Sambel Pak Kumis', 'Nasi putih aneka sambal pilihan', 12000.00, TRUE, 49, 12, 'KAT033');
INSERT INTO Menu VALUES ('MNU084', 'Teh Tarik', 'Teh tarik khas Malaysia', 8000.00, TRUE, 49, 7, 'KAT009');
INSERT INTO Menu VALUES ('MNU085', 'Es Dawet Ireng', 'Es dawet hitam khas Purworejo', 8000.00, TRUE, 41, 18, 'KAT008');

-- =====================================================
-- INSERT Payment_gateway (40 rows)
-- =====================================================

INSERT INTO Payment_gateway VALUES ('PAY001', 'GoPay', 'E-Wallet', FALSE);
INSERT INTO Payment_gateway VALUES ('PAY002', 'OVO', 'E-Wallet', TRUE);
INSERT INTO Payment_gateway VALUES ('PAY003', 'Dana', 'E-Wallet', TRUE);
INSERT INTO Payment_gateway VALUES ('PAY004', 'ShopeePay', 'E-Wallet', TRUE);
INSERT INTO Payment_gateway VALUES ('PAY005', 'LinkAja', 'E-Wallet', FALSE);
INSERT INTO Payment_gateway VALUES ('PAY006', 'Doku Wallet', 'E-Wallet', TRUE);
INSERT INTO Payment_gateway VALUES ('PAY007', 'iSaku', 'E-Wallet', TRUE);
INSERT INTO Payment_gateway VALUES ('PAY008', 'Sakuku BCA', 'E-Wallet', TRUE);
INSERT INTO Payment_gateway VALUES ('PAY009', 'Jenius Pay', 'E-Wallet', TRUE);
INSERT INTO Payment_gateway VALUES ('PAY010', 'Blu by BCA Digital', 'E-Wallet', TRUE);
INSERT INTO Payment_gateway VALUES ('PAY011', 'BCA Transfer', 'Bank Transfer', TRUE);
INSERT INTO Payment_gateway VALUES ('PAY012', 'BNI Transfer', 'Bank Transfer', TRUE);
INSERT INTO Payment_gateway VALUES ('PAY013', 'BRI Transfer', 'Bank Transfer', TRUE);
INSERT INTO Payment_gateway VALUES ('PAY014', 'Mandiri Transfer', 'Bank Transfer', TRUE);
INSERT INTO Payment_gateway VALUES ('PAY015', 'BSI Transfer', 'Bank Transfer', TRUE);
INSERT INTO Payment_gateway VALUES ('PAY016', 'CIMB Niaga Transfer', 'Bank Transfer', TRUE);
INSERT INTO Payment_gateway VALUES ('PAY017', 'Danamon Transfer', 'Bank Transfer', TRUE);
INSERT INTO Payment_gateway VALUES ('PAY018', 'Permata Transfer', 'Bank Transfer', TRUE);
INSERT INTO Payment_gateway VALUES ('PAY019', 'BTN Transfer', 'Bank Transfer', TRUE);
INSERT INTO Payment_gateway VALUES ('PAY020', 'Maybank Transfer', 'Bank Transfer', TRUE);
INSERT INTO Payment_gateway VALUES ('PAY021', 'BCA Virtual Account', 'Virtual Account', TRUE);
INSERT INTO Payment_gateway VALUES ('PAY022', 'BNI Virtual Account', 'Virtual Account', TRUE);
INSERT INTO Payment_gateway VALUES ('PAY023', 'BRI Virtual Account', 'Virtual Account', TRUE);
INSERT INTO Payment_gateway VALUES ('PAY024', 'Mandiri Virtual Account', 'Virtual Account', TRUE);
INSERT INTO Payment_gateway VALUES ('PAY025', 'Permata Virtual Account', 'Virtual Account', TRUE);
INSERT INTO Payment_gateway VALUES ('PAY026', 'CIMB VA', 'Virtual Account', TRUE);
INSERT INTO Payment_gateway VALUES ('PAY027', 'Danamon VA', 'Virtual Account', TRUE);
INSERT INTO Payment_gateway VALUES ('PAY028', 'BTN VA', 'Virtual Account', TRUE);
INSERT INTO Payment_gateway VALUES ('PAY029', 'BSI VA', 'Virtual Account', TRUE);
INSERT INTO Payment_gateway VALUES ('PAY030', 'Maybank VA', 'Virtual Account', TRUE);
INSERT INTO Payment_gateway VALUES ('PAY031', 'QRIS GoPay', 'QRIS', FALSE);
INSERT INTO Payment_gateway VALUES ('PAY032', 'QRIS OVO', 'QRIS', TRUE);
INSERT INTO Payment_gateway VALUES ('PAY033', 'QRIS Dana', 'QRIS', TRUE);
INSERT INTO Payment_gateway VALUES ('PAY034', 'QRIS ShopeePay', 'QRIS', TRUE);
INSERT INTO Payment_gateway VALUES ('PAY035', 'QRIS LinkAja', 'QRIS', TRUE);
INSERT INTO Payment_gateway VALUES ('PAY036', 'Alfamart', 'Retail', TRUE);
INSERT INTO Payment_gateway VALUES ('PAY037', 'Indomaret', 'Retail', TRUE);
INSERT INTO Payment_gateway VALUES ('PAY038', 'Alfamidi', 'Retail', TRUE);
INSERT INTO Payment_gateway VALUES ('PAY039', 'Visa Credit Card', 'Kartu Kredit', TRUE);
INSERT INTO Payment_gateway VALUES ('PAY040', 'Mastercard Credit Card', 'Kartu Kredit', TRUE);

-- =====================================================
-- INSERT pre_order (120 rows)
-- =====================================================

INSERT INTO pre_order VALUES ('PRE001', 'KR-20260401-3240', '2026-04-13', 'cancelled', 44000.00, 44000.00, 'e-wallet', 'expired', '', '', '2026-04-13 07:58:00', '2026-04-13 09:58:00', 'USR021', 'SLT054');
INSERT INTO pre_order VALUES ('PRE002', 'KR-20260402-3877', '2026-04-26', 'confirmed', 57000.00, 57000.00, 'va', 'paid', 'https://krun.its.ac.id/bukti/PRE002', '', '2026-04-26 10:04:00', '2026-04-26 11:04:00', 'USR049', 'SLT029');
INSERT INTO pre_order VALUES ('PRE003', 'KR-20260403-7511', '2026-05-17', 'pending', 132000.00, 132000.00, 'kartu_kredit', 'paid', 'https://krun.its.ac.id/bukti/PRE003', '', '2026-05-16 09:06:00', '2026-05-16 10:06:00', 'USR031', 'SLT004');
INSERT INTO pre_order VALUES ('PRE004', 'KR-20260404-6374', '2026-04-29', 'completed', 59000.00, 59000.00, 'qris', 'paid', 'https://krun.its.ac.id/bukti/PRE004', 'Extra pedas level 5', '2026-04-29 08:56:00', '2026-04-29 12:56:00', 'USR009', 'SLT050');
INSERT INTO pre_order VALUES ('PRE005', 'KR-20260405-8432', '2026-05-18', 'completed', 66000.00, 66000.00, 'va', 'paid', 'https://krun.its.ac.id/bukti/PRE005', 'Tidak pakai sambal', '2026-05-16 09:13:00', '2026-05-16 12:13:00', 'USR029', 'SLT031');
INSERT INTO pre_order VALUES ('PRE006', 'KR-20260406-6942', '2026-04-13', 'cancelled', 78000.00, 78000.00, 'bank_transfer', 'refunded', '', '', '2026-04-12 07:42:00', '2026-04-12 08:42:00', 'USR042', 'SLT077');
INSERT INTO pre_order VALUES ('PRE007', 'KR-20260407-1349', '2026-04-07', 'completed', 35000.00, 35000.00, 'retail', 'paid', 'https://krun.its.ac.id/bukti/PRE007', 'Tanpa sayuran', '2026-04-05 08:52:00', '2026-04-05 09:52:00', 'USR022', 'SLT019');
INSERT INTO pre_order VALUES ('PRE008', 'KR-20260408-1046', '2026-05-06', 'completed', 50000.00, 50000.00, 'e-wallet', 'paid', 'https://krun.its.ac.id/bukti/PRE008', '', '2026-05-06 08:00:00', '2026-05-06 10:00:00', 'USR016', 'SLT076');
INSERT INTO pre_order VALUES ('PRE009', 'KR-20260409-6304', '2026-04-03', 'confirmed', 60000.00, 60000.00, 'qris', 'unpaid', '', '', '2026-04-03 10:28:00', '2026-04-03 12:28:00', 'USR033', 'SLT076');
INSERT INTO pre_order VALUES ('PRE010', 'KR-20260410-2786', '2026-05-28', 'completed', 24000.00, 24000.00, 'va', 'paid', 'https://krun.its.ac.id/bukti/PRE010', 'Minta sendok garpu', '2026-05-26 07:03:00', '2026-05-26 10:03:00', 'USR026', 'SLT055');
INSERT INTO pre_order VALUES ('PRE011', 'KR-20260411-2768', '2026-06-02', 'completed', 74000.00, 74000.00, 'retail', 'paid', 'https://krun.its.ac.id/bukti/PRE011', '', '2026-05-31 11:45:00', '2026-05-31 13:45:00', 'USR025', 'SLT077');
INSERT INTO pre_order VALUES ('PRE012', 'KR-20260412-9692', '2026-05-08', 'ready', 88000.00, 88000.00, 'bank_transfer', 'paid', 'https://krun.its.ac.id/bukti/PRE012', 'Tidak pakai bawang', '2026-05-07 10:26:00', '2026-05-07 10:26:00', 'USR021', 'SLT055');
INSERT INTO pre_order VALUES ('PRE013', 'KR-20260413-6120', '2026-05-03', 'ready', 34000.00, 34000.00, 'e-wallet', 'paid', 'https://krun.its.ac.id/bukti/PRE013', 'Extra pedas level 5', '2026-05-01 09:51:00', '2026-05-01 10:51:00', 'USR036', 'SLT008');
INSERT INTO pre_order VALUES ('PRE014', 'KR-20260414-6400', '2026-04-16', 'ready', 157000.00, 157000.00, 'bank_transfer', 'unpaid', '', '', '2026-04-15 08:54:00', '2026-04-15 08:54:00', 'USR023', 'SLT072');
INSERT INTO pre_order VALUES ('PRE015', 'KR-20260415-7022', '2026-04-15', 'completed', 51000.00, 51000.00, 'kartu_kredit', 'paid', 'https://krun.its.ac.id/bukti/PRE015', '', '2026-04-13 07:38:00', '2026-04-13 09:38:00', 'USR002', 'SLT024');
INSERT INTO pre_order VALUES ('PRE016', 'KR-20260416-5477', '2026-05-10', 'cancelled', 111000.00, 111000.00, 'e-wallet', 'refunded', '', '', '2026-05-08 07:05:00', '2026-05-08 11:05:00', 'USR014', 'SLT049');
INSERT INTO pre_order VALUES ('PRE017', 'KR-20260417-7878', '2026-05-29', 'preparing', 93000.00, 93000.00, 'bank_transfer', 'unpaid', '', '', '2026-05-27 07:43:00', '2026-05-27 07:43:00', 'USR018', 'SLT057');
INSERT INTO pre_order VALUES ('PRE018', 'KR-20260418-7947', '2026-06-02', 'completed', 80000.00, 80000.00, 'kartu_kredit', 'paid', 'https://krun.its.ac.id/bukti/PRE018', '', '2026-05-31 10:33:00', '2026-05-31 12:33:00', 'USR003', 'SLT029');
INSERT INTO pre_order VALUES ('PRE019', 'KR-20260419-7475', '2026-04-08', 'pending', 86000.00, 86000.00, 'e-wallet', 'paid', 'https://krun.its.ac.id/bukti/PRE019', '', '2026-04-07 08:08:00', '2026-04-07 11:08:00', 'USR035', 'SLT030');
INSERT INTO pre_order VALUES ('PRE020', 'KR-20260420-9196', '2026-05-16', 'pending', 13000.00, 13000.00, 'qris', 'unpaid', '', '', '2026-05-15 11:27:00', '2026-05-15 15:27:00', 'USR026', 'SLT054');
INSERT INTO pre_order VALUES ('PRE021', 'KR-20260421-5743', '2026-04-15', 'ready', 89000.00, 89000.00, 'qris', 'unpaid', '', 'Tanpa sayuran', '2026-04-14 11:25:00', '2026-04-14 15:25:00', 'USR006', 'SLT051');
INSERT INTO pre_order VALUES ('PRE022', 'KR-20260422-6083', '2026-05-14', 'confirmed', 62000.00, 62000.00, 'retail', 'unpaid', '', '', '2026-05-13 09:46:00', '2026-05-13 10:46:00', 'USR016', 'SLT014');
INSERT INTO pre_order VALUES ('PRE023', 'KR-20260423-3399', '2026-05-03', 'confirmed', 62000.00, 62000.00, 'qris', 'paid', 'https://krun.its.ac.id/bukti/PRE023', '', '2026-05-01 11:28:00', '2026-05-01 15:28:00', 'USR042', 'SLT080');
INSERT INTO pre_order VALUES ('PRE024', 'KR-20260424-6295', '2026-05-11', 'confirmed', 40000.00, 40000.00, 'kartu_kredit', 'paid', 'https://krun.its.ac.id/bukti/PRE024', '', '2026-05-10 11:03:00', '2026-05-10 13:03:00', 'USR033', 'SLT010');
INSERT INTO pre_order VALUES ('PRE025', 'KR-20260425-6085', '2026-05-30', 'ready', 10000.00, 10000.00, 'e-wallet', 'unpaid', '', '', '2026-05-28 11:24:00', '2026-05-28 14:24:00', 'USR038', 'SLT071');
INSERT INTO pre_order VALUES ('PRE026', 'KR-20260426-1672', '2026-05-28', 'cancelled', 60000.00, 60000.00, 'bank_transfer', 'refunded', '', 'Minta sendok garpu', '2026-05-28 09:45:00', '2026-05-28 09:45:00', 'USR033', 'SLT023');
INSERT INTO pre_order VALUES ('PRE027', 'KR-20260427-1641', '2026-05-02', 'completed', 90000.00, 90000.00, 'qris', 'paid', 'https://krun.its.ac.id/bukti/PRE027', '', '2026-05-01 11:03:00', '2026-05-01 13:03:00', 'USR005', 'SLT043');
INSERT INTO pre_order VALUES ('PRE028', 'KR-20260428-2548', '2026-05-20', 'preparing', 108000.00, 108000.00, 'bank_transfer', 'paid', 'https://krun.its.ac.id/bukti/PRE028', 'Pakai plastik terpisah', '2026-05-18 10:08:00', '2026-05-18 14:08:00', 'USR046', 'SLT011');
INSERT INTO pre_order VALUES ('PRE029', 'KR-20260429-6072', '2026-05-19', 'completed', 127000.00, 127000.00, 'retail', 'paid', 'https://krun.its.ac.id/bukti/PRE029', 'Tidak pakai bawang', '2026-05-19 09:19:00', '2026-05-19 10:19:00', 'USR014', 'SLT044');
INSERT INTO pre_order VALUES ('PRE030', 'KR-20260430-8967', '2026-04-25', 'confirmed', 38000.00, 38000.00, 'retail', 'unpaid', '', '', '2026-04-24 11:08:00', '2026-04-24 15:08:00', 'USR025', 'SLT020');
INSERT INTO pre_order VALUES ('PRE031', 'KR-20260501-3658', '2026-04-24', 'completed', 60000.00, 60000.00, 'kartu_kredit', 'paid', 'https://krun.its.ac.id/bukti/PRE031', '', '2026-04-24 10:39:00', '2026-04-24 12:39:00', 'USR049', 'SLT058');
INSERT INTO pre_order VALUES ('PRE032', 'KR-20260502-4833', '2026-06-08', 'confirmed', 98000.00, 98000.00, 'retail', 'paid', 'https://krun.its.ac.id/bukti/PRE032', 'Tambah nasi', '2026-06-08 11:08:00', '2026-06-08 13:08:00', 'USR004', 'SLT062');
INSERT INTO pre_order VALUES ('PRE033', 'KR-20260503-7081', '2026-06-10', 'cancelled', 13000.00, 13000.00, 'bank_transfer', 'expired', '', 'Minta sendok garpu', '2026-06-08 08:53:00', '2026-06-08 11:53:00', 'USR006', 'SLT029');
INSERT INTO pre_order VALUES ('PRE034', 'KR-20260504-8391', '2026-05-15', 'cancelled', 49000.00, 49000.00, 'bank_transfer', 'refunded', '', 'Tidak pakai bawang', '2026-05-15 09:50:00', '2026-05-15 10:50:00', 'USR009', 'SLT005');
INSERT INTO pre_order VALUES ('PRE035', 'KR-20260505-5700', '2026-05-31', 'completed', 75000.00, 75000.00, 'e-wallet', 'paid', 'https://krun.its.ac.id/bukti/PRE035', 'Tidak pakai sambal', '2026-05-30 08:53:00', '2026-05-30 09:53:00', 'USR036', 'SLT078');
INSERT INTO pre_order VALUES ('PRE036', 'KR-20260506-9647', '2026-05-25', 'confirmed', 57000.00, 57000.00, 'kartu_kredit', 'paid', 'https://krun.its.ac.id/bukti/PRE036', 'Extra pedas level 5', '2026-05-25 10:38:00', '2026-05-25 14:38:00', 'USR002', 'SLT066');
INSERT INTO pre_order VALUES ('PRE037', 'KR-20260507-4963', '2026-04-19', 'preparing', 24000.00, 24000.00, 'bank_transfer', 'paid', 'https://krun.its.ac.id/bukti/PRE037', 'Tambah nasi', '2026-04-17 07:33:00', '2026-04-17 09:33:00', 'USR005', 'SLT068');
INSERT INTO pre_order VALUES ('PRE038', 'KR-20260508-9914', '2026-06-04', 'completed', 20000.00, 20000.00, 'e-wallet', 'paid', 'https://krun.its.ac.id/bukti/PRE038', '', '2026-06-03 09:16:00', '2026-06-03 09:16:00', 'USR023', 'SLT009');
INSERT INTO pre_order VALUES ('PRE039', 'KR-20260509-6649', '2026-05-01', 'completed', 48000.00, 48000.00, 'va', 'paid', 'https://krun.its.ac.id/bukti/PRE039', 'Tambah nasi', '2026-05-01 09:34:00', '2026-05-01 11:34:00', 'USR042', 'SLT023');
INSERT INTO pre_order VALUES ('PRE040', 'KR-20260510-8612', '2026-06-01', 'completed', 50000.00, 50000.00, 'bank_transfer', 'paid', 'https://krun.its.ac.id/bukti/PRE040', 'Tidak pakai sambal', '2026-06-01 07:20:00', '2026-06-01 09:20:00', 'USR033', 'SLT051');
INSERT INTO pre_order VALUES ('PRE041', 'KR-20260511-9897', '2026-05-31', 'preparing', 79000.00, 79000.00, 'va', 'paid', 'https://krun.its.ac.id/bukti/PRE041', 'Extra pedas level 5', '2026-05-30 10:56:00', '2026-05-30 13:56:00', 'USR048', 'SLT057');
INSERT INTO pre_order VALUES ('PRE042', 'KR-20260512-7334', '2026-05-14', 'cancelled', 70000.00, 70000.00, 'qris', 'refunded', '', 'Sambal terpisah', '2026-05-13 09:06:00', '2026-05-13 09:06:00', 'USR021', 'SLT038');
INSERT INTO pre_order VALUES ('PRE043', 'KR-20260513-6021', '2026-05-28', 'completed', 118000.00, 118000.00, 'qris', 'paid', 'https://krun.its.ac.id/bukti/PRE043', 'Pakai plastik terpisah', '2026-05-26 07:04:00', '2026-05-26 10:04:00', 'USR024', 'SLT066');
INSERT INTO pre_order VALUES ('PRE044', 'KR-20260514-3621', '2026-04-04', 'confirmed', 144000.00, 144000.00, 'retail', 'unpaid', '', '', '2026-04-04 10:23:00', '2026-04-04 12:23:00', 'USR029', 'SLT010');
INSERT INTO pre_order VALUES ('PRE045', 'KR-20260515-3255', '2026-06-07', 'ready', 88000.00, 88000.00, 'bank_transfer', 'paid', 'https://krun.its.ac.id/bukti/PRE045', 'Sambal terpisah', '2026-06-06 11:07:00', '2026-06-06 13:07:00', 'USR050', 'SLT034');
INSERT INTO pre_order VALUES ('PRE046', 'KR-20260516-8311', '2026-04-28', 'cancelled', 65000.00, 65000.00, 'bank_transfer', 'expired', '', 'Extra pedas level 5', '2026-04-26 09:42:00', '2026-04-26 11:42:00', 'USR046', 'SLT009');
INSERT INTO pre_order VALUES ('PRE047', 'KR-20260517-9882', '2026-05-08', 'completed', 50000.00, 50000.00, 'bank_transfer', 'paid', 'https://krun.its.ac.id/bukti/PRE047', 'Extra pedas level 5', '2026-05-08 08:15:00', '2026-05-08 11:15:00', 'USR002', 'SLT047');
INSERT INTO pre_order VALUES ('PRE048', 'KR-20260518-7044', '2026-05-30', 'completed', 46000.00, 46000.00, 'qris', 'paid', 'https://krun.its.ac.id/bukti/PRE048', '', '2026-05-28 10:33:00', '2026-05-28 13:33:00', 'USR050', 'SLT053');
INSERT INTO pre_order VALUES ('PRE049', 'KR-20260519-2208', '2026-04-17', 'cancelled', 30000.00, 30000.00, 'kartu_kredit', 'expired', '', 'Tambah nasi', '2026-04-15 11:11:00', '2026-04-15 12:11:00', 'USR028', 'SLT065');
INSERT INTO pre_order VALUES ('PRE050', 'KR-20260520-1907', '2026-04-16', 'completed', 75000.00, 75000.00, 'retail', 'paid', 'https://krun.its.ac.id/bukti/PRE050', '', '2026-04-15 07:16:00', '2026-04-15 08:16:00', 'USR041', 'SLT071');
INSERT INTO pre_order VALUES ('PRE051', 'KR-20260521-5496', '2026-04-17', 'completed', 24000.00, 24000.00, 'bank_transfer', 'paid', 'https://krun.its.ac.id/bukti/PRE051', '', '2026-04-15 08:10:00', '2026-04-15 12:10:00', 'USR047', 'SLT078');
INSERT INTO pre_order VALUES ('PRE052', 'KR-20260522-6531', '2026-04-06', 'completed', 20000.00, 20000.00, 'kartu_kredit', 'paid', 'https://krun.its.ac.id/bukti/PRE052', '', '2026-04-04 09:41:00', '2026-04-04 10:41:00', 'USR050', 'SLT074');
INSERT INTO pre_order VALUES ('PRE053', 'KR-20260523-7825', '2026-04-04', 'ready', 87000.00, 87000.00, 'va', 'paid', 'https://krun.its.ac.id/bukti/PRE053', 'Extra pedas level 5', '2026-04-02 07:10:00', '2026-04-02 10:10:00', 'USR027', 'SLT062');
INSERT INTO pre_order VALUES ('PRE054', 'KR-20260524-8609', '2026-04-27', 'preparing', 56000.00, 56000.00, 'va', 'unpaid', '', 'Tidak pakai bawang', '2026-04-27 10:07:00', '2026-04-27 12:07:00', 'USR029', 'SLT032');
INSERT INTO pre_order VALUES ('PRE055', 'KR-20260525-3308', '2026-04-13', 'pending', 129000.00, 129000.00, 'bank_transfer', 'unpaid', '', 'Minta sendok garpu', '2026-04-11 10:31:00', '2026-04-11 12:31:00', 'USR032', 'SLT003');
INSERT INTO pre_order VALUES ('PRE056', 'KR-20260526-2475', '2026-05-21', 'completed', 32000.00, 32000.00, 'e-wallet', 'paid', 'https://krun.its.ac.id/bukti/PRE056', 'Pakai plastik terpisah', '2026-05-20 11:56:00', '2026-05-20 14:56:00', 'USR019', 'SLT069');
INSERT INTO pre_order VALUES ('PRE057', 'KR-20260527-1133', '2026-04-14', 'ready', 99000.00, 99000.00, 'retail', 'unpaid', '', 'Tidak pakai bawang', '2026-04-12 09:04:00', '2026-04-12 12:04:00', 'USR033', 'SLT058');
INSERT INTO pre_order VALUES ('PRE058', 'KR-20260528-5582', '2026-04-16', 'confirmed', 16000.00, 16000.00, 'va', 'paid', 'https://krun.its.ac.id/bukti/PRE058', '', '2026-04-16 08:38:00', '2026-04-16 12:38:00', 'USR026', 'SLT065');
INSERT INTO pre_order VALUES ('PRE059', 'KR-20260529-1659', '2026-04-06', 'pending', 104000.00, 104000.00, 'bank_transfer', 'paid', 'https://krun.its.ac.id/bukti/PRE059', '', '2026-04-04 09:10:00', '2026-04-04 12:10:00', 'USR040', 'SLT039');
INSERT INTO pre_order VALUES ('PRE060', 'KR-20260530-6511', '2026-06-04', 'completed', 128000.00, 128000.00, 'qris', 'paid', 'https://krun.its.ac.id/bukti/PRE060', '', '2026-06-03 07:38:00', '2026-06-03 10:38:00', 'USR017', 'SLT075');
INSERT INTO pre_order VALUES ('PRE061', 'KR-20260601-4728', '2026-04-07', 'completed', 72000.00, 72000.00, 'qris', 'paid', 'https://krun.its.ac.id/bukti/PRE061', 'Tambah nasi', '2026-04-05 08:02:00', '2026-04-05 12:02:00', 'USR045', 'SLT015');
INSERT INTO pre_order VALUES ('PRE062', 'KR-20260602-4125', '2026-04-03', 'ready', 114000.00, 114000.00, 'e-wallet', 'unpaid', '', 'Sambal terpisah', '2026-04-03 11:20:00', '2026-04-03 14:20:00', 'USR034', 'SLT049');
INSERT INTO pre_order VALUES ('PRE063', 'KR-20260603-6140', '2026-04-23', 'ready', 110000.00, 110000.00, 'qris', 'unpaid', '', 'Tanpa sayuran', '2026-04-22 11:19:00', '2026-04-22 12:19:00', 'USR020', 'SLT037');
INSERT INTO pre_order VALUES ('PRE064', 'KR-20260604-4396', '2026-06-02', 'preparing', 91000.00, 91000.00, 'retail', 'paid', 'https://krun.its.ac.id/bukti/PRE064', '', '2026-06-01 09:49:00', '2026-06-01 10:49:00', 'USR019', 'SLT006');
INSERT INTO pre_order VALUES ('PRE065', 'KR-20260605-5712', '2026-04-11', 'preparing', 128000.00, 128000.00, 'kartu_kredit', 'paid', 'https://krun.its.ac.id/bukti/PRE065', 'Tambah nasi', '2026-04-11 11:47:00', '2026-04-11 15:47:00', 'USR016', 'SLT032');
INSERT INTO pre_order VALUES ('PRE066', 'KR-20260606-1831', '2026-06-07', 'confirmed', 60000.00, 60000.00, 'kartu_kredit', 'paid', 'https://krun.its.ac.id/bukti/PRE066', 'Extra pedas level 5', '2026-06-05 08:00:00', '2026-06-05 12:00:00', 'USR011', 'SLT053');
INSERT INTO pre_order VALUES ('PRE067', 'KR-20260607-8793', '2026-06-01', 'completed', 61000.00, 61000.00, 'retail', 'paid', 'https://krun.its.ac.id/bukti/PRE067', 'Tanpa sayuran', '2026-05-30 07:58:00', '2026-05-30 08:58:00', 'USR027', 'SLT023');
INSERT INTO pre_order VALUES ('PRE068', 'KR-20260608-1595', '2026-05-21', 'completed', 39000.00, 39000.00, 'retail', 'paid', 'https://krun.its.ac.id/bukti/PRE068', '', '2026-05-21 09:18:00', '2026-05-21 12:18:00', 'USR042', 'SLT070');
INSERT INTO pre_order VALUES ('PRE069', 'KR-20260609-9590', '2026-06-03', 'completed', 38000.00, 38000.00, 'e-wallet', 'paid', 'https://krun.its.ac.id/bukti/PRE069', 'Tidak pakai bawang', '2026-06-03 10:41:00', '2026-06-03 12:41:00', 'USR046', 'SLT024');
INSERT INTO pre_order VALUES ('PRE070', 'KR-20260610-1230', '2026-05-14', 'completed', 54000.00, 54000.00, 'qris', 'paid', 'https://krun.its.ac.id/bukti/PRE070', 'Sambal terpisah', '2026-05-13 07:25:00', '2026-05-13 07:25:00', 'USR012', 'SLT018');
INSERT INTO pre_order VALUES ('PRE071', 'KR-20260611-8822', '2026-05-12', 'cancelled', 36000.00, 36000.00, 'bank_transfer', 'expired', '', '', '2026-05-11 09:19:00', '2026-05-11 13:19:00', 'USR047', 'SLT074');
INSERT INTO pre_order VALUES ('PRE072', 'KR-20260612-1187', '2026-05-04', 'completed', 50000.00, 50000.00, 'bank_transfer', 'paid', 'https://krun.its.ac.id/bukti/PRE072', 'Extra kuah', '2026-05-02 11:59:00', '2026-05-02 13:59:00', 'USR045', 'SLT016');
INSERT INTO pre_order VALUES ('PRE073', 'KR-20260613-5833', '2026-05-18', 'completed', 61000.00, 61000.00, 'kartu_kredit', 'paid', 'https://krun.its.ac.id/bukti/PRE073', '', '2026-05-17 10:44:00', '2026-05-17 14:44:00', 'USR031', 'SLT069');
INSERT INTO pre_order VALUES ('PRE074', 'KR-20260614-4578', '2026-05-02', 'completed', 22000.00, 22000.00, 'retail', 'paid', 'https://krun.its.ac.id/bukti/PRE074', '', '2026-05-01 07:58:00', '2026-05-01 11:58:00', 'USR008', 'SLT008');
INSERT INTO pre_order VALUES ('PRE075', 'KR-20260615-9972', '2026-06-04', 'confirmed', 63000.00, 63000.00, 'e-wallet', 'unpaid', '', '', '2026-06-02 10:05:00', '2026-06-02 14:05:00', 'USR029', 'SLT008');
INSERT INTO pre_order VALUES ('PRE076', 'KR-20260616-8429', '2026-04-17', 'completed', 123000.00, 123000.00, 'qris', 'paid', 'https://krun.its.ac.id/bukti/PRE076', 'Pakai plastik terpisah', '2026-04-17 08:37:00', '2026-04-17 08:37:00', 'USR003', 'SLT055');
INSERT INTO pre_order VALUES ('PRE077', 'KR-20260617-6644', '2026-04-09', 'completed', 28000.00, 28000.00, 'e-wallet', 'paid', 'https://krun.its.ac.id/bukti/PRE077', 'Pakai plastik terpisah', '2026-04-08 08:49:00', '2026-04-08 09:49:00', 'USR050', 'SLT054');
INSERT INTO pre_order VALUES ('PRE078', 'KR-20260618-7135', '2026-05-19', 'ready', 93000.00, 93000.00, 'bank_transfer', 'paid', 'https://krun.its.ac.id/bukti/PRE078', 'Sambal terpisah', '2026-05-19 08:53:00', '2026-05-19 08:53:00', 'USR049', 'SLT003');
INSERT INTO pre_order VALUES ('PRE079', 'KR-20260619-5888', '2026-05-30', 'completed', 92000.00, 92000.00, 'bank_transfer', 'paid', 'https://krun.its.ac.id/bukti/PRE079', '', '2026-05-28 07:02:00', '2026-05-28 10:02:00', 'USR040', 'SLT003');
INSERT INTO pre_order VALUES ('PRE080', 'KR-20260620-4943', '2026-04-27', 'pending', 45000.00, 45000.00, 'kartu_kredit', 'unpaid', '', 'Tanpa sayuran', '2026-04-25 07:25:00', '2026-04-25 10:25:00', 'USR015', 'SLT070');
INSERT INTO pre_order VALUES ('PRE081', 'KR-20260621-4559', '2026-04-08', 'confirmed', 162000.00, 162000.00, 'va', 'unpaid', '', 'Pakai plastik terpisah', '2026-04-08 11:14:00', '2026-04-08 14:14:00', 'USR020', 'SLT036');
INSERT INTO pre_order VALUES ('PRE082', 'KR-20260622-1998', '2026-04-23', 'completed', 156000.00, 156000.00, 'va', 'paid', 'https://krun.its.ac.id/bukti/PRE082', '', '2026-04-22 10:09:00', '2026-04-22 12:09:00', 'USR025', 'SLT024');
INSERT INTO pre_order VALUES ('PRE083', 'KR-20260623-9813', '2026-05-31', 'confirmed', 41000.00, 41000.00, 'retail', 'paid', 'https://krun.its.ac.id/bukti/PRE083', 'Extra kuah', '2026-05-29 11:08:00', '2026-05-29 14:08:00', 'USR016', 'SLT033');
INSERT INTO pre_order VALUES ('PRE084', 'KR-20260624-4331', '2026-05-13', 'completed', 91000.00, 91000.00, 'retail', 'paid', 'https://krun.its.ac.id/bukti/PRE084', '', '2026-05-13 07:12:00', '2026-05-13 11:12:00', 'USR047', 'SLT072');
INSERT INTO pre_order VALUES ('PRE085', 'KR-20260625-4555', '2026-06-01', 'confirmed', 75000.00, 75000.00, 'kartu_kredit', 'paid', 'https://krun.its.ac.id/bukti/PRE085', '', '2026-06-01 11:45:00', '2026-06-01 12:45:00', 'USR026', 'SLT031');
INSERT INTO pre_order VALUES ('PRE086', 'KR-20260626-6269', '2026-05-07', 'ready', 142000.00, 142000.00, 'e-wallet', 'paid', 'https://krun.its.ac.id/bukti/PRE086', '', '2026-05-06 08:23:00', '2026-05-06 10:23:00', 'USR027', 'SLT006');
INSERT INTO pre_order VALUES ('PRE087', 'KR-20260627-4625', '2026-04-19', 'pending', 84000.00, 84000.00, 'qris', 'paid', 'https://krun.its.ac.id/bukti/PRE087', 'Pakai plastik terpisah', '2026-04-18 10:29:00', '2026-04-18 11:29:00', 'USR047', 'SLT046');
INSERT INTO pre_order VALUES ('PRE088', 'KR-20260628-3773', '2026-04-18', 'completed', 97000.00, 97000.00, 'e-wallet', 'paid', 'https://krun.its.ac.id/bukti/PRE088', '', '2026-04-18 10:08:00', '2026-04-18 11:08:00', 'USR005', 'SLT020');
INSERT INTO pre_order VALUES ('PRE089', 'KR-20260629-1149', '2026-04-28', 'completed', 107000.00, 107000.00, 'kartu_kredit', 'paid', 'https://krun.its.ac.id/bukti/PRE089', 'Minta sendok garpu', '2026-04-28 07:34:00', '2026-04-28 11:34:00', 'USR027', 'SLT002');
INSERT INTO pre_order VALUES ('PRE090', 'KR-20260630-1274', '2026-06-07', 'completed', 33000.00, 33000.00, 'retail', 'paid', 'https://krun.its.ac.id/bukti/PRE090', 'Tambah nasi', '2026-06-07 08:39:00', '2026-06-07 12:39:00', 'USR017', 'SLT046');
INSERT INTO pre_order VALUES ('PRE091', 'KR-20260701-5379', '2026-05-21', 'pending', 136000.00, 136000.00, 'kartu_kredit', 'unpaid', '', 'Extra pedas level 5', '2026-05-20 10:24:00', '2026-05-20 14:24:00', 'USR031', 'SLT008');
INSERT INTO pre_order VALUES ('PRE092', 'KR-20260702-1154', '2026-04-22', 'pending', 82000.00, 82000.00, 'kartu_kredit', 'paid', 'https://krun.its.ac.id/bukti/PRE092', 'Pakai plastik terpisah', '2026-04-22 07:43:00', '2026-04-22 09:43:00', 'USR035', 'SLT073');
INSERT INTO pre_order VALUES ('PRE093', 'KR-20260703-1539', '2026-04-23', 'cancelled', 78000.00, 78000.00, 'e-wallet', 'expired', '', 'Tambah nasi', '2026-04-21 08:36:00', '2026-04-21 11:36:00', 'USR044', 'SLT070');
INSERT INTO pre_order VALUES ('PRE094', 'KR-20260704-6435', '2026-05-20', 'completed', 76000.00, 76000.00, 'e-wallet', 'paid', 'https://krun.its.ac.id/bukti/PRE094', 'Extra pedas level 5', '2026-05-19 08:53:00', '2026-05-19 08:53:00', 'USR022', 'SLT078');
INSERT INTO pre_order VALUES ('PRE095', 'KR-20260705-7499', '2026-05-12', 'pending', 156000.00, 156000.00, 'qris', 'unpaid', '', '', '2026-05-10 10:05:00', '2026-05-10 14:05:00', 'USR019', 'SLT032');
INSERT INTO pre_order VALUES ('PRE096', 'KR-20260706-2204', '2026-04-11', 'preparing', 62000.00, 62000.00, 'va', 'paid', 'https://krun.its.ac.id/bukti/PRE096', 'Tidak pakai bawang', '2026-04-10 07:08:00', '2026-04-10 07:08:00', 'USR012', 'SLT056');
INSERT INTO pre_order VALUES ('PRE097', 'KR-20260707-8353', '2026-06-05', 'ready', 34000.00, 34000.00, 'retail', 'unpaid', '', '', '2026-06-03 09:55:00', '2026-06-03 12:55:00', 'USR001', 'SLT038');
INSERT INTO pre_order VALUES ('PRE098', 'KR-20260708-7779', '2026-05-20', 'completed', 44000.00, 44000.00, 'qris', 'paid', 'https://krun.its.ac.id/bukti/PRE098', 'Tambah nasi', '2026-05-20 09:19:00', '2026-05-20 11:19:00', 'USR032', 'SLT019');
INSERT INTO pre_order VALUES ('PRE099', 'KR-20260709-2036', '2026-04-22', 'ready', 158000.00, 158000.00, 'qris', 'unpaid', '', 'Minta sendok garpu', '2026-04-22 08:19:00', '2026-04-22 08:19:00', 'USR026', 'SLT043');
INSERT INTO pre_order VALUES ('PRE100', 'KR-20260710-7224', '2026-05-13', 'ready', 152000.00, 152000.00, 'qris', 'paid', 'https://krun.its.ac.id/bukti/PRE100', 'Tambah nasi', '2026-05-12 09:18:00', '2026-05-12 12:18:00', 'USR037', 'SLT032');
INSERT INTO pre_order VALUES ('PRE101', 'KR-20260711-6339', '2026-05-19', 'preparing', 147000.00, 147000.00, 'retail', 'unpaid', '', '', '2026-05-18 08:28:00', '2026-05-18 10:28:00', 'USR045', 'SLT009');
INSERT INTO pre_order VALUES ('PRE102', 'KR-20260712-7703', '2026-06-03', 'confirmed', 96000.00, 96000.00, 'qris', 'unpaid', '', 'Minta sendok garpu', '2026-06-01 10:37:00', '2026-06-01 13:37:00', 'USR035', 'SLT065');
INSERT INTO pre_order VALUES ('PRE103', 'KR-20260713-7853', '2026-06-09', 'pending', 34000.00, 34000.00, 'kartu_kredit', 'paid', 'https://krun.its.ac.id/bukti/PRE103', 'Tambah nasi', '2026-06-07 11:02:00', '2026-06-07 15:02:00', 'USR042', 'SLT052');
INSERT INTO pre_order VALUES ('PRE104', 'KR-20260714-6432', '2026-05-26', 'confirmed', 18000.00, 18000.00, 'retail', 'unpaid', '', 'Minta sendok garpu', '2026-05-25 10:29:00', '2026-05-25 14:29:00', 'USR045', 'SLT065');
INSERT INTO pre_order VALUES ('PRE105', 'KR-20260715-3469', '2026-05-15', 'cancelled', 115000.00, 115000.00, 'va', 'expired', '', 'Minta sendok garpu', '2026-05-15 11:30:00', '2026-05-15 13:30:00', 'USR031', 'SLT013');
INSERT INTO pre_order VALUES ('PRE106', 'KR-20260716-8178', '2026-05-28', 'preparing', 87000.00, 87000.00, 'kartu_kredit', 'unpaid', '', '', '2026-05-26 08:33:00', '2026-05-26 09:33:00', 'USR036', 'SLT021');
INSERT INTO pre_order VALUES ('PRE107', 'KR-20260717-6422', '2026-05-25', 'cancelled', 18000.00, 18000.00, 'kartu_kredit', 'expired', '', 'Extra kuah', '2026-05-25 11:56:00', '2026-05-25 12:56:00', 'USR029', 'SLT076');
INSERT INTO pre_order VALUES ('PRE108', 'KR-20260718-8037', '2026-05-20', 'pending', 50000.00, 50000.00, 'retail', 'unpaid', '', '', '2026-05-18 08:23:00', '2026-05-18 10:23:00', 'USR013', 'SLT059');
INSERT INTO pre_order VALUES ('PRE109', 'KR-20260719-2867', '2026-05-04', 'completed', 144000.00, 144000.00, 'e-wallet', 'paid', 'https://krun.its.ac.id/bukti/PRE109', 'Tidak pakai bawang', '2026-05-03 10:39:00', '2026-05-03 11:39:00', 'USR044', 'SLT039');
INSERT INTO pre_order VALUES ('PRE110', 'KR-20260720-2388', '2026-04-18', 'preparing', 48000.00, 48000.00, 'kartu_kredit', 'unpaid', '', 'Sambal terpisah', '2026-04-17 10:38:00', '2026-04-17 11:38:00', 'USR037', 'SLT050');
INSERT INTO pre_order VALUES ('PRE111', 'KR-20260721-7931', '2026-04-24', 'ready', 46000.00, 46000.00, 'bank_transfer', 'unpaid', '', 'Tidak pakai bawang', '2026-04-23 11:03:00', '2026-04-23 13:03:00', 'USR001', 'SLT063');
INSERT INTO pre_order VALUES ('PRE112', 'KR-20260722-3236', '2026-04-25', 'completed', 95000.00, 95000.00, 'e-wallet', 'paid', 'https://krun.its.ac.id/bukti/PRE112', '', '2026-04-25 09:02:00', '2026-04-25 11:02:00', 'USR015', 'SLT069');
INSERT INTO pre_order VALUES ('PRE113', 'KR-20260723-5729', '2026-04-22', 'completed', 90000.00, 90000.00, 'retail', 'paid', 'https://krun.its.ac.id/bukti/PRE113', '', '2026-04-22 10:34:00', '2026-04-22 11:34:00', 'USR028', 'SLT014');
INSERT INTO pre_order VALUES ('PRE114', 'KR-20260724-5055', '2026-05-09', 'completed', 30000.00, 30000.00, 'va', 'paid', 'https://krun.its.ac.id/bukti/PRE114', '', '2026-05-09 10:55:00', '2026-05-09 10:55:00', 'USR050', 'SLT031');
INSERT INTO pre_order VALUES ('PRE115', 'KR-20260725-4438', '2026-05-15', 'completed', 124000.00, 124000.00, 'retail', 'paid', 'https://krun.its.ac.id/bukti/PRE115', 'Pakai plastik terpisah', '2026-05-13 11:10:00', '2026-05-13 13:10:00', 'USR046', 'SLT038');
INSERT INTO pre_order VALUES ('PRE116', 'KR-20260726-5740', '2026-05-05', 'cancelled', 50000.00, 50000.00, 'e-wallet', 'expired', '', '', '2026-05-03 08:44:00', '2026-05-03 09:44:00', 'USR016', 'SLT019');
INSERT INTO pre_order VALUES ('PRE117', 'KR-20260727-6277', '2026-05-02', 'completed', 159000.00, 159000.00, 'qris', 'paid', 'https://krun.its.ac.id/bukti/PRE117', 'Extra pedas level 5', '2026-04-30 07:25:00', '2026-04-30 11:25:00', 'USR048', 'SLT036');
INSERT INTO pre_order VALUES ('PRE118', 'KR-20260728-7046', '2026-05-29', 'cancelled', 129000.00, 129000.00, 'kartu_kredit', 'expired', '', '', '2026-05-29 11:25:00', '2026-05-29 12:25:00', 'USR028', 'SLT028');
INSERT INTO pre_order VALUES ('PRE119', 'KR-20260729-9105', '2026-05-05', 'preparing', 59000.00, 59000.00, 'va', 'unpaid', '', 'Tidak pakai sambal', '2026-05-05 10:01:00', '2026-05-05 10:01:00', 'USR011', 'SLT057');
INSERT INTO pre_order VALUES ('PRE120', 'KR-20260730-8479', '2026-04-01', 'cancelled', 98000.00, 98000.00, 'va', 'expired', '', 'Extra pedas level 5', '2026-03-31 08:03:00', '2026-03-31 11:03:00', 'USR041', 'SLT040');

-- =====================================================
-- INSERT pre_order_Menu (200+ rows)
-- =====================================================

INSERT INTO pre_order_Menu VALUES ('PRE001', 'MNU055', 1, 7000.00);
INSERT INTO pre_order_Menu VALUES ('PRE001', 'MNU084', 3, 8000.00);
INSERT INTO pre_order_Menu VALUES ('PRE002', 'MNU001', 1, 15000.00);
INSERT INTO pre_order_Menu VALUES ('PRE003', 'MNU010', 3, 18000.00);
INSERT INTO pre_order_Menu VALUES ('PRE003', 'MNU017', 3, 20000.00);
INSERT INTO pre_order_Menu VALUES ('PRE003', 'MNU076', 2, 15000.00);
INSERT INTO pre_order_Menu VALUES ('PRE003', 'MNU029', 1, 11000.00);
INSERT INTO pre_order_Menu VALUES ('PRE004', 'MNU044', 1, 10000.00);
INSERT INTO pre_order_Menu VALUES ('PRE005', 'MNU017', 2, 20000.00);
INSERT INTO pre_order_Menu VALUES ('PRE005', 'MNU062', 1, 18000.00);
INSERT INTO pre_order_Menu VALUES ('PRE005', 'MNU010', 3, 18000.00);
INSERT INTO pre_order_Menu VALUES ('PRE005', 'MNU030', 1, 18000.00);
INSERT INTO pre_order_Menu VALUES ('PRE006', 'MNU041', 2, 22000.00);
INSERT INTO pre_order_Menu VALUES ('PRE007', 'MNU018', 3, 25000.00);
INSERT INTO pre_order_Menu VALUES ('PRE007', 'MNU049', 1, 7000.00);
INSERT INTO pre_order_Menu VALUES ('PRE007', 'MNU083', 1, 12000.00);
INSERT INTO pre_order_Menu VALUES ('PRE008', 'MNU079', 3, 12000.00);
INSERT INTO pre_order_Menu VALUES ('PRE009', 'MNU057', 3, 12000.00);
INSERT INTO pre_order_Menu VALUES ('PRE009', 'MNU045', 1, 12000.00);
INSERT INTO pre_order_Menu VALUES ('PRE010', 'MNU053', 3, 12000.00);
INSERT INTO pre_order_Menu VALUES ('PRE010', 'MNU079', 2, 12000.00);
INSERT INTO pre_order_Menu VALUES ('PRE011', 'MNU012', 1, 17000.00);
INSERT INTO pre_order_Menu VALUES ('PRE011', 'MNU013', 1, 15000.00);
INSERT INTO pre_order_Menu VALUES ('PRE012', 'MNU045', 1, 12000.00);
INSERT INTO pre_order_Menu VALUES ('PRE012', 'MNU055', 2, 7000.00);
INSERT INTO pre_order_Menu VALUES ('PRE012', 'MNU041', 3, 22000.00);
INSERT INTO pre_order_Menu VALUES ('PRE012', 'MNU018', 1, 25000.00);
INSERT INTO pre_order_Menu VALUES ('PRE013', 'MNU071', 3, 7000.00);
INSERT INTO pre_order_Menu VALUES ('PRE013', 'MNU077', 3, 16000.00);
INSERT INTO pre_order_Menu VALUES ('PRE014', 'MNU004', 1, 13000.00);
INSERT INTO pre_order_Menu VALUES ('PRE014', 'MNU085', 3, 8000.00);
INSERT INTO pre_order_Menu VALUES ('PRE014', 'MNU039', 3, 13000.00);
INSERT INTO pre_order_Menu VALUES ('PRE015', 'MNU051', 3, 8000.00);
INSERT INTO pre_order_Menu VALUES ('PRE015', 'MNU038', 1, 15000.00);
INSERT INTO pre_order_Menu VALUES ('PRE016', 'MNU064', 1, 20000.00);
INSERT INTO pre_order_Menu VALUES ('PRE016', 'MNU050', 1, 10000.00);
INSERT INTO pre_order_Menu VALUES ('PRE017', 'MNU082', 1, 10000.00);
INSERT INTO pre_order_Menu VALUES ('PRE017', 'MNU077', 2, 16000.00);
INSERT INTO pre_order_Menu VALUES ('PRE017', 'MNU010', 2, 18000.00);
INSERT INTO pre_order_Menu VALUES ('PRE017', 'MNU068', 1, 11000.00);
INSERT INTO pre_order_Menu VALUES ('PRE018', 'MNU073', 3, 15000.00);
INSERT INTO pre_order_Menu VALUES ('PRE018', 'MNU054', 1, 5000.00);
INSERT INTO pre_order_Menu VALUES ('PRE018', 'MNU047', 2, 20000.00);
INSERT INTO pre_order_Menu VALUES ('PRE018', 'MNU070', 1, 10000.00);
INSERT INTO pre_order_Menu VALUES ('PRE019', 'MNU076', 1, 15000.00);
INSERT INTO pre_order_Menu VALUES ('PRE020', 'MNU034', 1, 18000.00);
INSERT INTO pre_order_Menu VALUES ('PRE021', 'MNU008', 2, 13000.00);
INSERT INTO pre_order_Menu VALUES ('PRE022', 'MNU081', 2, 13000.00);
INSERT INTO pre_order_Menu VALUES ('PRE022', 'MNU065', 3, 8000.00);
INSERT INTO pre_order_Menu VALUES ('PRE022', 'MNU054', 2, 5000.00);
INSERT INTO pre_order_Menu VALUES ('PRE023', 'MNU082', 3, 10000.00);
INSERT INTO pre_order_Menu VALUES ('PRE024', 'MNU036', 2, 14000.00);
INSERT INTO pre_order_Menu VALUES ('PRE024', 'MNU011', 1, 20000.00);
INSERT INTO pre_order_Menu VALUES ('PRE025', 'MNU020', 2, 10000.00);
INSERT INTO pre_order_Menu VALUES ('PRE025', 'MNU069', 2, 8000.00);
INSERT INTO pre_order_Menu VALUES ('PRE026', 'MNU040', 3, 22000.00);
INSERT INTO pre_order_Menu VALUES ('PRE027', 'MNU031', 2, 20000.00);
INSERT INTO pre_order_Menu VALUES ('PRE027', 'MNU008', 1, 13000.00);
INSERT INTO pre_order_Menu VALUES ('PRE027', 'MNU032', 2, 22000.00);
INSERT INTO pre_order_Menu VALUES ('PRE027', 'MNU012', 3, 17000.00);
INSERT INTO pre_order_Menu VALUES ('PRE028', 'MNU040', 3, 22000.00);
INSERT INTO pre_order_Menu VALUES ('PRE029', 'MNU016', 3, 12000.00);
INSERT INTO pre_order_Menu VALUES ('PRE029', 'MNU002', 1, 18000.00);
INSERT INTO pre_order_Menu VALUES ('PRE030', 'MNU021', 2, 12000.00);
INSERT INTO pre_order_Menu VALUES ('PRE031', 'MNU067', 2, 10000.00);
INSERT INTO pre_order_Menu VALUES ('PRE031', 'MNU034', 1, 18000.00);
INSERT INTO pre_order_Menu VALUES ('PRE031', 'MNU022', 3, 13000.00);
INSERT INTO pre_order_Menu VALUES ('PRE032', 'MNU016', 2, 12000.00);
INSERT INTO pre_order_Menu VALUES ('PRE032', 'MNU004', 2, 13000.00);
INSERT INTO pre_order_Menu VALUES ('PRE032', 'MNU043', 3, 16000.00);
INSERT INTO pre_order_Menu VALUES ('PRE033', 'MNU034', 3, 18000.00);
INSERT INTO pre_order_Menu VALUES ('PRE034', 'MNU064', 2, 20000.00);
INSERT INTO pre_order_Menu VALUES ('PRE035', 'MNU008', 1, 13000.00);
INSERT INTO pre_order_Menu VALUES ('PRE035', 'MNU064', 2, 20000.00);
INSERT INTO pre_order_Menu VALUES ('PRE035', 'MNU073', 1, 15000.00);
INSERT INTO pre_order_Menu VALUES ('PRE036', 'MNU014', 1, 25000.00);
INSERT INTO pre_order_Menu VALUES ('PRE036', 'MNU074', 3, 14000.00);
INSERT INTO pre_order_Menu VALUES ('PRE036', 'MNU015', 3, 13000.00);
INSERT INTO pre_order_Menu VALUES ('PRE037', 'MNU006', 1, 18000.00);
INSERT INTO pre_order_Menu VALUES ('PRE038', 'MNU006', 2, 18000.00);
INSERT INTO pre_order_Menu VALUES ('PRE038', 'MNU061', 2, 20000.00);
INSERT INTO pre_order_Menu VALUES ('PRE039', 'MNU023', 3, 10000.00);
INSERT INTO pre_order_Menu VALUES ('PRE039', 'MNU005', 3, 12000.00);
INSERT INTO pre_order_Menu VALUES ('PRE040', 'MNU029', 3, 11000.00);
INSERT INTO pre_order_Menu VALUES ('PRE040', 'MNU042', 2, 12000.00);
INSERT INTO pre_order_Menu VALUES ('PRE040', 'MNU032', 2, 22000.00);
INSERT INTO pre_order_Menu VALUES ('PRE040', 'MNU054', 1, 5000.00);
INSERT INTO pre_order_Menu VALUES ('PRE041', 'MNU016', 1, 12000.00);
INSERT INTO pre_order_Menu VALUES ('PRE041', 'MNU065', 1, 8000.00);
INSERT INTO pre_order_Menu VALUES ('PRE041', 'MNU007', 3, 15000.00);
INSERT INTO pre_order_Menu VALUES ('PRE042', 'MNU052', 1, 5000.00);
INSERT INTO pre_order_Menu VALUES ('PRE043', 'MNU037', 3, 13000.00);
INSERT INTO pre_order_Menu VALUES ('PRE043', 'MNU040', 2, 22000.00);
INSERT INTO pre_order_Menu VALUES ('PRE043', 'MNU042', 1, 12000.00);
INSERT INTO pre_order_Menu VALUES ('PRE043', 'MNU012', 2, 17000.00);
INSERT INTO pre_order_Menu VALUES ('PRE044', 'MNU038', 2, 15000.00);
INSERT INTO pre_order_Menu VALUES ('PRE044', 'MNU073', 3, 15000.00);
INSERT INTO pre_order_Menu VALUES ('PRE045', 'MNU060', 3, 22000.00);
INSERT INTO pre_order_Menu VALUES ('PRE045', 'MNU048', 2, 5000.00);
INSERT INTO pre_order_Menu VALUES ('PRE046', 'MNU070', 1, 10000.00);
INSERT INTO pre_order_Menu VALUES ('PRE046', 'MNU032', 1, 22000.00);
INSERT INTO pre_order_Menu VALUES ('PRE047', 'MNU004', 3, 13000.00);
INSERT INTO pre_order_Menu VALUES ('PRE047', 'MNU030', 3, 18000.00);
INSERT INTO pre_order_Menu VALUES ('PRE047', 'MNU070', 1, 10000.00);
INSERT INTO pre_order_Menu VALUES ('PRE047', 'MNU045', 2, 12000.00);
INSERT INTO pre_order_Menu VALUES ('PRE048', 'MNU085', 2, 8000.00);
INSERT INTO pre_order_Menu VALUES ('PRE049', 'MNU014', 1, 25000.00);
INSERT INTO pre_order_Menu VALUES ('PRE049', 'MNU027', 2, 12000.00);
INSERT INTO pre_order_Menu VALUES ('PRE049', 'MNU068', 2, 11000.00);
INSERT INTO pre_order_Menu VALUES ('PRE050', 'MNU019', 3, 15000.00);
INSERT INTO pre_order_Menu VALUES ('PRE051', 'MNU012', 3, 17000.00);
INSERT INTO pre_order_Menu VALUES ('PRE051', 'MNU006', 2, 18000.00);
INSERT INTO pre_order_Menu VALUES ('PRE051', 'MNU030', 3, 18000.00);
INSERT INTO pre_order_Menu VALUES ('PRE052', 'MNU059', 1, 18000.00);
INSERT INTO pre_order_Menu VALUES ('PRE052', 'MNU011', 3, 20000.00);
INSERT INTO pre_order_Menu VALUES ('PRE052', 'MNU075', 1, 16000.00);
INSERT INTO pre_order_Menu VALUES ('PRE053', 'MNU010', 2, 18000.00);
INSERT INTO pre_order_Menu VALUES ('PRE053', 'MNU076', 3, 15000.00);
INSERT INTO pre_order_Menu VALUES ('PRE053', 'MNU073', 1, 15000.00);
INSERT INTO pre_order_Menu VALUES ('PRE053', 'MNU008', 1, 13000.00);
INSERT INTO pre_order_Menu VALUES ('PRE054', 'MNU034', 3, 18000.00);
INSERT INTO pre_order_Menu VALUES ('PRE054', 'MNU041', 3, 22000.00);
INSERT INTO pre_order_Menu VALUES ('PRE054', 'MNU051', 2, 8000.00);
INSERT INTO pre_order_Menu VALUES ('PRE055', 'MNU058', 1, 15000.00);
INSERT INTO pre_order_Menu VALUES ('PRE055', 'MNU035', 1, 15000.00);
INSERT INTO pre_order_Menu VALUES ('PRE055', 'MNU030', 1, 18000.00);
INSERT INTO pre_order_Menu VALUES ('PRE056', 'MNU020', 1, 10000.00);
INSERT INTO pre_order_Menu VALUES ('PRE057', 'MNU058', 2, 15000.00);
INSERT INTO pre_order_Menu VALUES ('PRE057', 'MNU060', 2, 22000.00);
INSERT INTO pre_order_Menu VALUES ('PRE058', 'MNU069', 2, 8000.00);
INSERT INTO pre_order_Menu VALUES ('PRE059', 'MNU058', 2, 15000.00);
INSERT INTO pre_order_Menu VALUES ('PRE059', 'MNU040', 2, 22000.00);
INSERT INTO pre_order_Menu VALUES ('PRE060', 'MNU012', 1, 17000.00);
INSERT INTO pre_order_Menu VALUES ('PRE061', 'MNU078', 2, 12000.00);
INSERT INTO pre_order_Menu VALUES ('PRE061', 'MNU006', 1, 18000.00);
INSERT INTO pre_order_Menu VALUES ('PRE061', 'MNU028', 1, 8000.00);
INSERT INTO pre_order_Menu VALUES ('PRE062', 'MNU046', 3, 22000.00);
INSERT INTO pre_order_Menu VALUES ('PRE062', 'MNU051', 1, 8000.00);
INSERT INTO pre_order_Menu VALUES ('PRE063', 'MNU034', 2, 18000.00);
INSERT INTO pre_order_Menu VALUES ('PRE063', 'MNU023', 2, 10000.00);
INSERT INTO pre_order_Menu VALUES ('PRE063', 'MNU004', 3, 13000.00);
INSERT INTO pre_order_Menu VALUES ('PRE064', 'MNU013', 1, 15000.00);
INSERT INTO pre_order_Menu VALUES ('PRE064', 'MNU060', 1, 22000.00);
INSERT INTO pre_order_Menu VALUES ('PRE065', 'MNU002', 1, 18000.00);
INSERT INTO pre_order_Menu VALUES ('PRE066', 'MNU017', 2, 20000.00);
INSERT INTO pre_order_Menu VALUES ('PRE066', 'MNU026', 2, 11000.00);
INSERT INTO pre_order_Menu VALUES ('PRE067', 'MNU075', 3, 16000.00);
INSERT INTO pre_order_Menu VALUES ('PRE068', 'MNU010', 1, 18000.00);
INSERT INTO pre_order_Menu VALUES ('PRE068', 'MNU003', 3, 12000.00);
INSERT INTO pre_order_Menu VALUES ('PRE068', 'MNU009', 2, 14000.00);
INSERT INTO pre_order_Menu VALUES ('PRE069', 'MNU012', 1, 17000.00);
INSERT INTO pre_order_Menu VALUES ('PRE069', 'MNU043', 1, 16000.00);
INSERT INTO pre_order_Menu VALUES ('PRE070', 'MNU007', 3, 15000.00);
INSERT INTO pre_order_Menu VALUES ('PRE070', 'MNU022', 2, 13000.00);
INSERT INTO pre_order_Menu VALUES ('PRE070', 'MNU074', 2, 14000.00);
INSERT INTO pre_order_Menu VALUES ('PRE070', 'MNU056', 1, 13000.00);
INSERT INTO pre_order_Menu VALUES ('PRE071', 'MNU055', 1, 7000.00);
INSERT INTO pre_order_Menu VALUES ('PRE071', 'MNU023', 2, 10000.00);
INSERT INTO pre_order_Menu VALUES ('PRE071', 'MNU046', 2, 22000.00);
INSERT INTO pre_order_Menu VALUES ('PRE071', 'MNU028', 2, 8000.00);
INSERT INTO pre_order_Menu VALUES ('PRE072', 'MNU005', 3, 12000.00);
INSERT INTO pre_order_Menu VALUES ('PRE072', 'MNU079', 3, 12000.00);
INSERT INTO pre_order_Menu VALUES ('PRE073', 'MNU083', 2, 12000.00);
INSERT INTO pre_order_Menu VALUES ('PRE073', 'MNU038', 2, 15000.00);
INSERT INTO pre_order_Menu VALUES ('PRE074', 'MNU008', 1, 13000.00);
INSERT INTO pre_order_Menu VALUES ('PRE074', 'MNU012', 2, 17000.00);
INSERT INTO pre_order_Menu VALUES ('PRE074', 'MNU036', 1, 14000.00);
INSERT INTO pre_order_Menu VALUES ('PRE074', 'MNU050', 3, 10000.00);
INSERT INTO pre_order_Menu VALUES ('PRE075', 'MNU081', 1, 13000.00);
INSERT INTO pre_order_Menu VALUES ('PRE075', 'MNU070', 2, 10000.00);
INSERT INTO pre_order_Menu VALUES ('PRE076', 'MNU062', 2, 18000.00);
INSERT INTO pre_order_Menu VALUES ('PRE076', 'MNU070', 3, 10000.00);
INSERT INTO pre_order_Menu VALUES ('PRE076', 'MNU063', 3, 30000.00);
INSERT INTO pre_order_Menu VALUES ('PRE077', 'MNU050', 1, 10000.00);
INSERT INTO pre_order_Menu VALUES ('PRE077', 'MNU035', 2, 15000.00);
INSERT INTO pre_order_Menu VALUES ('PRE077', 'MNU024', 3, 12000.00);
INSERT INTO pre_order_Menu VALUES ('PRE078', 'MNU004', 1, 13000.00);
INSERT INTO pre_order_Menu VALUES ('PRE078', 'MNU036', 2, 14000.00);
INSERT INTO pre_order_Menu VALUES ('PRE079', 'MNU075', 1, 16000.00);
INSERT INTO pre_order_Menu VALUES ('PRE079', 'MNU030', 1, 18000.00);
INSERT INTO pre_order_Menu VALUES ('PRE079', 'MNU021', 3, 12000.00);
INSERT INTO pre_order_Menu VALUES ('PRE080', 'MNU035', 3, 15000.00);
INSERT INTO pre_order_Menu VALUES ('PRE080', 'MNU069', 1, 8000.00);
INSERT INTO pre_order_Menu VALUES ('PRE081', 'MNU074', 2, 14000.00);
INSERT INTO pre_order_Menu VALUES ('PRE081', 'MNU050', 1, 10000.00);
INSERT INTO pre_order_Menu VALUES ('PRE082', 'MNU031', 2, 20000.00);
INSERT INTO pre_order_Menu VALUES ('PRE082', 'MNU076', 3, 15000.00);
INSERT INTO pre_order_Menu VALUES ('PRE083', 'MNU076', 3, 15000.00);
INSERT INTO pre_order_Menu VALUES ('PRE083', 'MNU004', 3, 13000.00);
INSERT INTO pre_order_Menu VALUES ('PRE083', 'MNU046', 1, 22000.00);
INSERT INTO pre_order_Menu VALUES ('PRE084', 'MNU064', 2, 20000.00);
INSERT INTO pre_order_Menu VALUES ('PRE084', 'MNU070', 1, 10000.00);
INSERT INTO pre_order_Menu VALUES ('PRE085', 'MNU005', 3, 12000.00);
INSERT INTO pre_order_Menu VALUES ('PRE085', 'MNU012', 1, 17000.00);
INSERT INTO pre_order_Menu VALUES ('PRE085', 'MNU008', 1, 13000.00);
INSERT INTO pre_order_Menu VALUES ('PRE085', 'MNU030', 3, 18000.00);
INSERT INTO pre_order_Menu VALUES ('PRE086', 'MNU001', 1, 15000.00);
INSERT INTO pre_order_Menu VALUES ('PRE086', 'MNU043', 2, 16000.00);
INSERT INTO pre_order_Menu VALUES ('PRE086', 'MNU079', 3, 12000.00);
INSERT INTO pre_order_Menu VALUES ('PRE086', 'MNU026', 1, 11000.00);
INSERT INTO pre_order_Menu VALUES ('PRE087', 'MNU008', 3, 13000.00);
INSERT INTO pre_order_Menu VALUES ('PRE087', 'MNU003', 3, 12000.00);
INSERT INTO pre_order_Menu VALUES ('PRE087', 'MNU019', 1, 15000.00);
INSERT INTO pre_order_Menu VALUES ('PRE088', 'MNU068', 2, 11000.00);
INSERT INTO pre_order_Menu VALUES ('PRE089', 'MNU048', 3, 5000.00);
INSERT INTO pre_order_Menu VALUES ('PRE090', 'MNU076', 2, 15000.00);
INSERT INTO pre_order_Menu VALUES ('PRE090', 'MNU013', 1, 15000.00);
INSERT INTO pre_order_Menu VALUES ('PRE090', 'MNU044', 1, 10000.00);
INSERT INTO pre_order_Menu VALUES ('PRE090', 'MNU039', 3, 13000.00);
INSERT INTO pre_order_Menu VALUES ('PRE091', 'MNU082', 1, 10000.00);
INSERT INTO pre_order_Menu VALUES ('PRE091', 'MNU063', 3, 30000.00);
INSERT INTO pre_order_Menu VALUES ('PRE091', 'MNU084', 3, 8000.00);
INSERT INTO pre_order_Menu VALUES ('PRE091', 'MNU041', 3, 22000.00);
INSERT INTO pre_order_Menu VALUES ('PRE092', 'MNU029', 2, 11000.00);
INSERT INTO pre_order_Menu VALUES ('PRE092', 'MNU076', 2, 15000.00);
INSERT INTO pre_order_Menu VALUES ('PRE092', 'MNU023', 3, 10000.00);
INSERT INTO pre_order_Menu VALUES ('PRE093', 'MNU017', 3, 20000.00);
INSERT INTO pre_order_Menu VALUES ('PRE093', 'MNU023', 3, 10000.00);
INSERT INTO pre_order_Menu VALUES ('PRE093', 'MNU001', 2, 15000.00);
INSERT INTO pre_order_Menu VALUES ('PRE094', 'MNU024', 3, 12000.00);
INSERT INTO pre_order_Menu VALUES ('PRE095', 'MNU079', 3, 12000.00);
INSERT INTO pre_order_Menu VALUES ('PRE095', 'MNU029', 1, 11000.00);
INSERT INTO pre_order_Menu VALUES ('PRE095', 'MNU082', 2, 10000.00);
INSERT INTO pre_order_Menu VALUES ('PRE096', 'MNU043', 1, 16000.00);
INSERT INTO pre_order_Menu VALUES ('PRE096', 'MNU010', 2, 18000.00);
INSERT INTO pre_order_Menu VALUES ('PRE097', 'MNU022', 3, 13000.00);
INSERT INTO pre_order_Menu VALUES ('PRE097', 'MNU082', 3, 10000.00);
INSERT INTO pre_order_Menu VALUES ('PRE097', 'MNU012', 3, 17000.00);
INSERT INTO pre_order_Menu VALUES ('PRE098', 'MNU058', 1, 15000.00);
INSERT INTO pre_order_Menu VALUES ('PRE098', 'MNU002', 1, 18000.00);
INSERT INTO pre_order_Menu VALUES ('PRE098', 'MNU034', 3, 18000.00);
INSERT INTO pre_order_Menu VALUES ('PRE099', 'MNU045', 2, 12000.00);
INSERT INTO pre_order_Menu VALUES ('PRE100', 'MNU001', 1, 15000.00);
INSERT INTO pre_order_Menu VALUES ('PRE101', 'MNU057', 2, 12000.00);
INSERT INTO pre_order_Menu VALUES ('PRE101', 'MNU054', 2, 5000.00);
INSERT INTO pre_order_Menu VALUES ('PRE101', 'MNU022', 2, 13000.00);
INSERT INTO pre_order_Menu VALUES ('PRE101', 'MNU053', 3, 12000.00);
INSERT INTO pre_order_Menu VALUES ('PRE102', 'MNU013', 3, 15000.00);
INSERT INTO pre_order_Menu VALUES ('PRE102', 'MNU062', 1, 18000.00);
INSERT INTO pre_order_Menu VALUES ('PRE102', 'MNU074', 1, 14000.00);
INSERT INTO pre_order_Menu VALUES ('PRE102', 'MNU084', 2, 8000.00);
INSERT INTO pre_order_Menu VALUES ('PRE103', 'MNU005', 2, 12000.00);
INSERT INTO pre_order_Menu VALUES ('PRE104', 'MNU041', 2, 22000.00);
INSERT INTO pre_order_Menu VALUES ('PRE105', 'MNU010', 2, 18000.00);
INSERT INTO pre_order_Menu VALUES ('PRE106', 'MNU049', 3, 7000.00);
INSERT INTO pre_order_Menu VALUES ('PRE106', 'MNU021', 1, 12000.00);
INSERT INTO pre_order_Menu VALUES ('PRE107', 'MNU044', 3, 10000.00);
INSERT INTO pre_order_Menu VALUES ('PRE108', 'MNU004', 3, 13000.00);
INSERT INTO pre_order_Menu VALUES ('PRE108', 'MNU056', 2, 13000.00);
INSERT INTO pre_order_Menu VALUES ('PRE108', 'MNU084', 1, 8000.00);
INSERT INTO pre_order_Menu VALUES ('PRE108', 'MNU022', 1, 13000.00);
INSERT INTO pre_order_Menu VALUES ('PRE109', 'MNU043', 1, 16000.00);
INSERT INTO pre_order_Menu VALUES ('PRE110', 'MNU053', 3, 12000.00);
INSERT INTO pre_order_Menu VALUES ('PRE110', 'MNU071', 3, 7000.00);
INSERT INTO pre_order_Menu VALUES ('PRE111', 'MNU085', 1, 8000.00);
INSERT INTO pre_order_Menu VALUES ('PRE111', 'MNU037', 1, 13000.00);
INSERT INTO pre_order_Menu VALUES ('PRE111', 'MNU039', 1, 13000.00);
INSERT INTO pre_order_Menu VALUES ('PRE112', 'MNU074', 1, 14000.00);
INSERT INTO pre_order_Menu VALUES ('PRE112', 'MNU071', 2, 7000.00);
INSERT INTO pre_order_Menu VALUES ('PRE112', 'MNU063', 1, 30000.00);
INSERT INTO pre_order_Menu VALUES ('PRE112', 'MNU020', 2, 10000.00);
INSERT INTO pre_order_Menu VALUES ('PRE113', 'MNU038', 3, 15000.00);
INSERT INTO pre_order_Menu VALUES ('PRE114', 'MNU026', 1, 11000.00);
INSERT INTO pre_order_Menu VALUES ('PRE114', 'MNU013', 3, 15000.00);
INSERT INTO pre_order_Menu VALUES ('PRE114', 'MNU004', 2, 13000.00);
INSERT INTO pre_order_Menu VALUES ('PRE114', 'MNU027', 1, 12000.00);
INSERT INTO pre_order_Menu VALUES ('PRE115', 'MNU015', 2, 13000.00);
INSERT INTO pre_order_Menu VALUES ('PRE115', 'MNU040', 3, 22000.00);
INSERT INTO pre_order_Menu VALUES ('PRE115', 'MNU051', 2, 8000.00);
INSERT INTO pre_order_Menu VALUES ('PRE115', 'MNU061', 1, 20000.00);
INSERT INTO pre_order_Menu VALUES ('PRE116', 'MNU024', 1, 12000.00);
INSERT INTO pre_order_Menu VALUES ('PRE116', 'MNU048', 2, 5000.00);
INSERT INTO pre_order_Menu VALUES ('PRE116', 'MNU049', 2, 7000.00);
INSERT INTO pre_order_Menu VALUES ('PRE116', 'MNU058', 2, 15000.00);
INSERT INTO pre_order_Menu VALUES ('PRE117', 'MNU029', 1, 11000.00);
INSERT INTO pre_order_Menu VALUES ('PRE117', 'MNU035', 1, 15000.00);
INSERT INTO pre_order_Menu VALUES ('PRE117', 'MNU073', 3, 15000.00);
INSERT INTO pre_order_Menu VALUES ('PRE118', 'MNU011', 3, 20000.00);
INSERT INTO pre_order_Menu VALUES ('PRE119', 'MNU070', 1, 10000.00);
INSERT INTO pre_order_Menu VALUES ('PRE119', 'MNU053', 3, 12000.00);
INSERT INTO pre_order_Menu VALUES ('PRE119', 'MNU076', 1, 15000.00);
INSERT INTO pre_order_Menu VALUES ('PRE120', 'MNU067', 3, 10000.00);
INSERT INTO pre_order_Menu VALUES ('PRE120', 'MNU054', 1, 5000.00);
INSERT INTO pre_order_Menu VALUES ('PRE120', 'MNU069', 2, 8000.00);
INSERT INTO pre_order_Menu VALUES ('PRE120', 'MNU061', 2, 20000.00);

-- Total pre_order_Menu rows: 285

-- =====================================================
-- INSERT pembayaran (120 rows)
-- =====================================================

INSERT INTO pembayaran VALUES ('PBY-PRE001-180', 'QRIS', 'pending', 75811.00, 'UNQ-698967', 'https://pay.krun.its.ac.id/PBY-PRE001-180', '2026-06-07 16:43:00', NULL, 'PRE001', 'PAY040');
INSERT INTO pembayaran VALUES ('PBY-PRE002-250', 'OVO', 'expired', 32659.00, 'UNQ-275284', 'https://pay.krun.its.ac.id/PBY-PRE002-250', '2026-04-29 10:08:00', NULL, 'PRE002', 'PAY003');
INSERT INTO pembayaran VALUES ('PBY-PRE003-533', 'OVO', 'expired', 36465.00, 'UNQ-962520', 'https://pay.krun.its.ac.id/PBY-PRE003-533', '2026-04-20 16:16:00', NULL, 'PRE003', 'PAY021');
INSERT INTO pembayaran VALUES ('PBY-PRE004-844', 'OVO', 'pending', 60868.00, 'UNQ-683390', 'https://pay.krun.its.ac.id/PBY-PRE004-844', '2026-05-22 15:20:00', NULL, 'PRE004', 'PAY018');
INSERT INTO pembayaran VALUES ('PBY-PRE005-632', 'Mandiri VA', 'pending', 78493.00, 'UNQ-919656', 'https://pay.krun.its.ac.id/PBY-PRE005-632', '2026-05-25 08:26:00', NULL, 'PRE005', 'PAY010');
INSERT INTO pembayaran VALUES ('PBY-PRE006-251', 'LinkAja', 'pending', 23845.00, 'UNQ-690016', 'https://pay.krun.its.ac.id/PBY-PRE006-251', '2026-04-14 11:55:00', NULL, 'PRE006', 'PAY035');
INSERT INTO pembayaran VALUES ('PBY-PRE007-452', 'QRIS', 'failed', 60206.00, 'UNQ-786594', 'https://pay.krun.its.ac.id/PBY-PRE007-452', '2026-06-03 16:38:00', NULL, 'PRE007', 'PAY031');
INSERT INTO pembayaran VALUES ('PBY-PRE008-138', 'Dana', 'failed', 62818.00, 'UNQ-250840', 'https://pay.krun.its.ac.id/PBY-PRE008-138', '2026-05-23 07:25:00', NULL, 'PRE008', 'PAY022');
INSERT INTO pembayaran VALUES ('PBY-PRE009-807', 'ShopeePay', 'pending', 72287.00, 'UNQ-381631', 'https://pay.krun.its.ac.id/PBY-PRE009-807', '2026-05-19 07:21:00', NULL, 'PRE009', 'PAY020');
INSERT INTO pembayaran VALUES ('PBY-PRE010-418', 'BCA VA', 'expired', 22873.00, 'UNQ-339030', 'https://pay.krun.its.ac.id/PBY-PRE010-418', '2026-04-19 11:47:00', NULL, 'PRE010', 'PAY029');
INSERT INTO pembayaran VALUES ('PBY-PRE011-892', 'BNI VA', 'failed', 64627.00, 'UNQ-734366', 'https://pay.krun.its.ac.id/PBY-PRE011-892', '2026-04-13 10:28:00', NULL, 'PRE011', 'PAY014');
INSERT INTO pembayaran VALUES ('PBY-PRE012-943', 'QRIS', 'expired', 77698.00, 'UNQ-492073', 'https://pay.krun.its.ac.id/PBY-PRE012-943', '2026-04-09 15:50:00', NULL, 'PRE012', 'PAY011');
INSERT INTO pembayaran VALUES ('PBY-PRE013-167', 'BCA VA', 'expired', 27779.00, 'UNQ-918430', 'https://pay.krun.its.ac.id/PBY-PRE013-167', '2026-06-08 16:01:00', NULL, 'PRE013', 'PAY012');
INSERT INTO pembayaran VALUES ('PBY-PRE014-297', 'ShopeePay', 'pending', 42701.00, 'UNQ-134677', 'https://pay.krun.its.ac.id/PBY-PRE014-297', '2026-05-30 07:58:00', NULL, 'PRE014', 'PAY024');
INSERT INTO pembayaran VALUES ('PBY-PRE015-821', 'ShopeePay', 'failed', 58280.00, 'UNQ-963508', 'https://pay.krun.its.ac.id/PBY-PRE015-821', '2026-05-31 15:25:00', NULL, 'PRE015', 'PAY008');
INSERT INTO pembayaran VALUES ('PBY-PRE016-797', 'GoPay', 'success', 58819.00, 'UNQ-612530', 'https://pay.krun.its.ac.id/PBY-PRE016-797', '2026-05-29 09:55:00', '2026-05-28 10:56:00', 'PRE016', 'PAY038');
INSERT INTO pembayaran VALUES ('PBY-PRE017-664', 'BNI VA', 'failed', 31432.00, 'UNQ-978343', 'https://pay.krun.its.ac.id/PBY-PRE017-664', '2026-05-05 18:53:00', NULL, 'PRE017', 'PAY006');
INSERT INTO pembayaran VALUES ('PBY-PRE018-391', 'GoPay', 'expired', 16507.00, 'UNQ-270820', 'https://pay.krun.its.ac.id/PBY-PRE018-391', '2026-04-29 10:41:00', NULL, 'PRE018', 'PAY015');
INSERT INTO pembayaran VALUES ('PBY-PRE019-793', 'ShopeePay', 'failed', 63674.00, 'UNQ-638214', 'https://pay.krun.its.ac.id/PBY-PRE019-793', '2026-04-04 17:00:00', NULL, 'PRE019', 'PAY031');
INSERT INTO pembayaran VALUES ('PBY-PRE020-235', 'Dana', 'pending', 39329.00, 'UNQ-364650', 'https://pay.krun.its.ac.id/PBY-PRE020-235', '2026-05-11 18:45:00', NULL, 'PRE020', 'PAY018');
INSERT INTO pembayaran VALUES ('PBY-PRE021-533', 'QRIS', 'failed', 70161.00, 'UNQ-364239', 'https://pay.krun.its.ac.id/PBY-PRE021-533', '2026-04-29 14:19:00', NULL, 'PRE021', 'PAY034');
INSERT INTO pembayaran VALUES ('PBY-PRE022-944', 'LinkAja', 'expired', 23410.00, 'UNQ-107704', 'https://pay.krun.its.ac.id/PBY-PRE022-944', '2026-06-06 17:53:00', NULL, 'PRE022', 'PAY024');
INSERT INTO pembayaran VALUES ('PBY-PRE023-674', 'LinkAja', 'failed', 49121.00, 'UNQ-817659', 'https://pay.krun.its.ac.id/PBY-PRE023-674', '2026-04-15 14:04:00', NULL, 'PRE023', 'PAY022');
INSERT INTO pembayaran VALUES ('PBY-PRE024-383', 'BNI VA', 'failed', 44229.00, 'UNQ-787991', 'https://pay.krun.its.ac.id/PBY-PRE024-383', '2026-05-10 10:09:00', NULL, 'PRE024', 'PAY034');
INSERT INTO pembayaran VALUES ('PBY-PRE025-883', 'ShopeePay', 'pending', 62965.00, 'UNQ-792616', 'https://pay.krun.its.ac.id/PBY-PRE025-883', '2026-05-12 17:08:00', NULL, 'PRE025', 'PAY002');
INSERT INTO pembayaran VALUES ('PBY-PRE026-771', 'Mandiri VA', 'failed', 44003.00, 'UNQ-538897', 'https://pay.krun.its.ac.id/PBY-PRE026-771', '2026-05-23 13:47:00', NULL, 'PRE026', 'PAY003');
INSERT INTO pembayaran VALUES ('PBY-PRE027-697', 'LinkAja', 'success', 54979.00, 'UNQ-861842', 'https://pay.krun.its.ac.id/PBY-PRE027-697', '2026-04-30 17:34:00', '2026-04-29 18:56:00', 'PRE027', 'PAY031');
INSERT INTO pembayaran VALUES ('PBY-PRE028-787', 'BNI VA', 'failed', 32280.00, 'UNQ-981473', 'https://pay.krun.its.ac.id/PBY-PRE028-787', '2026-04-25 11:06:00', NULL, 'PRE028', 'PAY031');
INSERT INTO pembayaran VALUES ('PBY-PRE029-231', 'BCA VA', 'success', 53992.00, 'UNQ-786224', 'https://pay.krun.its.ac.id/PBY-PRE029-231', '2026-04-13 10:22:00', '2026-04-12 10:51:00', 'PRE029', 'PAY020');
INSERT INTO pembayaran VALUES ('PBY-PRE030-530', 'BNI VA', 'failed', 44152.00, 'UNQ-714015', 'https://pay.krun.its.ac.id/PBY-PRE030-530', '2026-05-09 14:54:00', NULL, 'PRE030', 'PAY008');
INSERT INTO pembayaran VALUES ('PBY-PRE031-581', 'GoPay', 'pending', 71894.00, 'UNQ-303993', 'https://pay.krun.its.ac.id/PBY-PRE031-581', '2026-06-05 08:55:00', NULL, 'PRE031', 'PAY025');
INSERT INTO pembayaran VALUES ('PBY-PRE032-642', 'BCA VA', 'expired', 17086.00, 'UNQ-995735', 'https://pay.krun.its.ac.id/PBY-PRE032-642', '2026-04-21 09:12:00', NULL, 'PRE032', 'PAY022');
INSERT INTO pembayaran VALUES ('PBY-PRE033-519', 'LinkAja', 'expired', 28772.00, 'UNQ-431752', 'https://pay.krun.its.ac.id/PBY-PRE033-519', '2026-04-25 08:31:00', NULL, 'PRE033', 'PAY022');
INSERT INTO pembayaran VALUES ('PBY-PRE034-746', 'Dana', 'failed', 17603.00, 'UNQ-104942', 'https://pay.krun.its.ac.id/PBY-PRE034-746', '2026-05-29 11:13:00', NULL, 'PRE034', 'PAY011');
INSERT INTO pembayaran VALUES ('PBY-PRE035-690', 'Dana', 'expired', 21539.00, 'UNQ-235691', 'https://pay.krun.its.ac.id/PBY-PRE035-690', '2026-05-27 17:27:00', NULL, 'PRE035', 'PAY026');
INSERT INTO pembayaran VALUES ('PBY-PRE036-539', 'Mandiri VA', 'expired', 10611.00, 'UNQ-139557', 'https://pay.krun.its.ac.id/PBY-PRE036-539', '2026-06-09 10:46:00', NULL, 'PRE036', 'PAY024');
INSERT INTO pembayaran VALUES ('PBY-PRE037-114', 'BNI VA', 'success', 12348.00, 'UNQ-809621', 'https://pay.krun.its.ac.id/PBY-PRE037-114', '2026-04-02 17:46:00', '2026-04-01 18:18:00', 'PRE037', 'PAY015');
INSERT INTO pembayaran VALUES ('PBY-PRE038-810', 'BNI VA', 'failed', 26899.00, 'UNQ-207697', 'https://pay.krun.its.ac.id/PBY-PRE038-810', '2026-05-21 15:37:00', NULL, 'PRE038', 'PAY020');
INSERT INTO pembayaran VALUES ('PBY-PRE039-271', 'OVO', 'pending', 49085.00, 'UNQ-404955', 'https://pay.krun.its.ac.id/PBY-PRE039-271', '2026-05-30 18:33:00', NULL, 'PRE039', 'PAY039');
INSERT INTO pembayaran VALUES ('PBY-PRE040-636', 'BNI VA', 'expired', 27536.00, 'UNQ-459381', 'https://pay.krun.its.ac.id/PBY-PRE040-636', '2026-06-03 12:48:00', NULL, 'PRE040', 'PAY013');
INSERT INTO pembayaran VALUES ('PBY-PRE041-268', 'QRIS', 'pending', 39939.00, 'UNQ-335217', 'https://pay.krun.its.ac.id/PBY-PRE041-268', '2026-04-18 10:46:00', NULL, 'PRE041', 'PAY002');
INSERT INTO pembayaran VALUES ('PBY-PRE042-703', 'BRI VA', 'success', 26143.00, 'UNQ-484398', 'https://pay.krun.its.ac.id/PBY-PRE042-703', '2026-04-06 13:56:00', '2026-04-05 15:18:00', 'PRE042', 'PAY017');
INSERT INTO pembayaran VALUES ('PBY-PRE043-889', 'BRI VA', 'pending', 16286.00, 'UNQ-794125', 'https://pay.krun.its.ac.id/PBY-PRE043-889', '2026-04-15 17:53:00', NULL, 'PRE043', 'PAY002');
INSERT INTO pembayaran VALUES ('PBY-PRE044-149', 'OVO', 'expired', 68237.00, 'UNQ-498724', 'https://pay.krun.its.ac.id/PBY-PRE044-149', '2026-04-17 15:16:00', NULL, 'PRE044', 'PAY031');
INSERT INTO pembayaran VALUES ('PBY-PRE045-818', 'Dana', 'success', 11219.00, 'UNQ-415743', 'https://pay.krun.its.ac.id/PBY-PRE045-818', '2026-05-25 17:06:00', '2026-05-24 18:31:00', 'PRE045', 'PAY034');
INSERT INTO pembayaran VALUES ('PBY-PRE046-376', 'LinkAja', 'success', 64896.00, 'UNQ-971002', 'https://pay.krun.its.ac.id/PBY-PRE046-376', '2026-04-15 15:46:00', '2026-04-14 17:06:00', 'PRE046', 'PAY008');
INSERT INTO pembayaran VALUES ('PBY-PRE047-389', 'OVO', 'pending', 75239.00, 'UNQ-308296', 'https://pay.krun.its.ac.id/PBY-PRE047-389', '2026-04-27 11:53:00', NULL, 'PRE047', 'PAY034');
INSERT INTO pembayaran VALUES ('PBY-PRE048-306', 'BNI VA', 'expired', 48712.00, 'UNQ-268163', 'https://pay.krun.its.ac.id/PBY-PRE048-306', '2026-04-07 15:31:00', NULL, 'PRE048', 'PAY014');
INSERT INTO pembayaran VALUES ('PBY-PRE049-804', 'Mandiri VA', 'failed', 40737.00, 'UNQ-102871', 'https://pay.krun.its.ac.id/PBY-PRE049-804', '2026-04-03 17:05:00', NULL, 'PRE049', 'PAY008');
INSERT INTO pembayaran VALUES ('PBY-PRE050-955', 'LinkAja', 'expired', 29548.00, 'UNQ-194458', 'https://pay.krun.its.ac.id/PBY-PRE050-955', '2026-06-06 08:46:00', NULL, 'PRE050', 'PAY007');
INSERT INTO pembayaran VALUES ('PBY-PRE051-362', 'ShopeePay', 'expired', 48800.00, 'UNQ-376955', 'https://pay.krun.its.ac.id/PBY-PRE051-362', '2026-05-31 07:06:00', NULL, 'PRE051', 'PAY012');
INSERT INTO pembayaran VALUES ('PBY-PRE052-995', 'GoPay', 'failed', 57214.00, 'UNQ-940534', 'https://pay.krun.its.ac.id/PBY-PRE052-995', '2026-05-12 13:47:00', NULL, 'PRE052', 'PAY008');
INSERT INTO pembayaran VALUES ('PBY-PRE053-197', 'GoPay', 'pending', 28139.00, 'UNQ-795578', 'https://pay.krun.its.ac.id/PBY-PRE053-197', '2026-04-23 12:22:00', NULL, 'PRE053', 'PAY029');
INSERT INTO pembayaran VALUES ('PBY-PRE054-736', 'BCA VA', 'pending', 58840.00, 'UNQ-954551', 'https://pay.krun.its.ac.id/PBY-PRE054-736', '2026-05-15 09:07:00', NULL, 'PRE054', 'PAY026');
INSERT INTO pembayaran VALUES ('PBY-PRE055-509', 'Mandiri VA', 'failed', 60556.00, 'UNQ-823415', 'https://pay.krun.its.ac.id/PBY-PRE055-509', '2026-06-02 13:41:00', NULL, 'PRE055', 'PAY011');
INSERT INTO pembayaran VALUES ('PBY-PRE056-215', 'Dana', 'pending', 30892.00, 'UNQ-208751', 'https://pay.krun.its.ac.id/PBY-PRE056-215', '2026-05-25 16:30:00', NULL, 'PRE056', 'PAY037');
INSERT INTO pembayaran VALUES ('PBY-PRE057-794', 'Mandiri VA', 'success', 59774.00, 'UNQ-917012', 'https://pay.krun.its.ac.id/PBY-PRE057-794', '2026-05-17 16:01:00', '2026-05-16 17:52:00', 'PRE057', 'PAY009');
INSERT INTO pembayaran VALUES ('PBY-PRE058-594', 'Mandiri VA', 'pending', 63907.00, 'UNQ-562094', 'https://pay.krun.its.ac.id/PBY-PRE058-594', '2026-04-07 08:16:00', NULL, 'PRE058', 'PAY021');
INSERT INTO pembayaran VALUES ('PBY-PRE059-112', 'BRI VA', 'success', 54341.00, 'UNQ-644315', 'https://pay.krun.its.ac.id/PBY-PRE059-112', '2026-06-07 18:44:00', '2026-06-06 20:04:00', 'PRE059', 'PAY007');
INSERT INTO pembayaran VALUES ('PBY-PRE060-543', 'ShopeePay', 'expired', 55318.00, 'UNQ-795951', 'https://pay.krun.its.ac.id/PBY-PRE060-543', '2026-05-21 09:53:00', NULL, 'PRE060', 'PAY036');
INSERT INTO pembayaran VALUES ('PBY-PRE061-727', 'GoPay', 'pending', 30568.00, 'UNQ-630126', 'https://pay.krun.its.ac.id/PBY-PRE061-727', '2026-06-01 14:55:00', NULL, 'PRE061', 'PAY011');
INSERT INTO pembayaran VALUES ('PBY-PRE062-176', 'Mandiri VA', 'failed', 41574.00, 'UNQ-446968', 'https://pay.krun.its.ac.id/PBY-PRE062-176', '2026-05-07 07:32:00', NULL, 'PRE062', 'PAY015');
INSERT INTO pembayaran VALUES ('PBY-PRE063-663', 'QRIS', 'expired', 40801.00, 'UNQ-182659', 'https://pay.krun.its.ac.id/PBY-PRE063-663', '2026-05-30 14:51:00', NULL, 'PRE063', 'PAY037');
INSERT INTO pembayaran VALUES ('PBY-PRE064-558', 'OVO', 'expired', 68598.00, 'UNQ-431414', 'https://pay.krun.its.ac.id/PBY-PRE064-558', '2026-04-17 14:47:00', NULL, 'PRE064', 'PAY002');
INSERT INTO pembayaran VALUES ('PBY-PRE065-205', 'QRIS', 'expired', 14696.00, 'UNQ-684194', 'https://pay.krun.its.ac.id/PBY-PRE065-205', '2026-06-11 07:52:00', NULL, 'PRE065', 'PAY006');
INSERT INTO pembayaran VALUES ('PBY-PRE066-910', 'LinkAja', 'failed', 76628.00, 'UNQ-689648', 'https://pay.krun.its.ac.id/PBY-PRE066-910', '2026-04-28 17:42:00', NULL, 'PRE066', 'PAY030');
INSERT INTO pembayaran VALUES ('PBY-PRE067-449', 'BNI VA', 'pending', 39218.00, 'UNQ-985331', 'https://pay.krun.its.ac.id/PBY-PRE067-449', '2026-05-30 12:35:00', NULL, 'PRE067', 'PAY040');
INSERT INTO pembayaran VALUES ('PBY-PRE068-714', 'Mandiri VA', 'failed', 69314.00, 'UNQ-219562', 'https://pay.krun.its.ac.id/PBY-PRE068-714', '2026-04-14 17:14:00', NULL, 'PRE068', 'PAY001');
INSERT INTO pembayaran VALUES ('PBY-PRE069-449', 'BNI VA', 'failed', 78417.00, 'UNQ-492052', 'https://pay.krun.its.ac.id/PBY-PRE069-449', '2026-04-15 07:57:00', NULL, 'PRE069', 'PAY011');
INSERT INTO pembayaran VALUES ('PBY-PRE070-604', 'Dana', 'expired', 24019.00, 'UNQ-366641', 'https://pay.krun.its.ac.id/PBY-PRE070-604', '2026-04-27 10:07:00', NULL, 'PRE070', 'PAY026');
INSERT INTO pembayaran VALUES ('PBY-PRE071-320', 'Mandiri VA', 'success', 54293.00, 'UNQ-213000', 'https://pay.krun.its.ac.id/PBY-PRE071-320', '2026-05-25 07:59:00', '2026-05-24 09:21:00', 'PRE071', 'PAY038');
INSERT INTO pembayaran VALUES ('PBY-PRE072-226', 'Mandiri VA', 'expired', 76086.00, 'UNQ-241176', 'https://pay.krun.its.ac.id/PBY-PRE072-226', '2026-06-04 07:33:00', NULL, 'PRE072', 'PAY004');
INSERT INTO pembayaran VALUES ('PBY-PRE073-666', 'QRIS', 'expired', 76628.00, 'UNQ-919023', 'https://pay.krun.its.ac.id/PBY-PRE073-666', '2026-04-24 18:37:00', NULL, 'PRE073', 'PAY012');
INSERT INTO pembayaran VALUES ('PBY-PRE074-848', 'Dana', 'pending', 60778.00, 'UNQ-789461', 'https://pay.krun.its.ac.id/PBY-PRE074-848', '2026-05-13 15:56:00', NULL, 'PRE074', 'PAY025');
INSERT INTO pembayaran VALUES ('PBY-PRE075-528', 'LinkAja', 'success', 45860.00, 'UNQ-517196', 'https://pay.krun.its.ac.id/PBY-PRE075-528', '2026-05-15 11:28:00', '2026-05-14 13:12:00', 'PRE075', 'PAY009');
INSERT INTO pembayaran VALUES ('PBY-PRE076-241', 'QRIS', 'failed', 51144.00, 'UNQ-846454', 'https://pay.krun.its.ac.id/PBY-PRE076-241', '2026-06-11 17:13:00', NULL, 'PRE076', 'PAY013');
INSERT INTO pembayaran VALUES ('PBY-PRE077-314', 'LinkAja', 'failed', 55258.00, 'UNQ-805034', 'https://pay.krun.its.ac.id/PBY-PRE077-314', '2026-04-18 18:41:00', NULL, 'PRE077', 'PAY012');
INSERT INTO pembayaran VALUES ('PBY-PRE078-615', 'BRI VA', 'failed', 25126.00, 'UNQ-897730', 'https://pay.krun.its.ac.id/PBY-PRE078-615', '2026-05-17 15:30:00', NULL, 'PRE078', 'PAY038');
INSERT INTO pembayaran VALUES ('PBY-PRE079-684', 'QRIS', 'failed', 65363.00, 'UNQ-947568', 'https://pay.krun.its.ac.id/PBY-PRE079-684', '2026-04-03 15:06:00', NULL, 'PRE079', 'PAY002');
INSERT INTO pembayaran VALUES ('PBY-PRE080-490', 'Dana', 'pending', 17419.00, 'UNQ-309612', 'https://pay.krun.its.ac.id/PBY-PRE080-490', '2026-05-06 09:18:00', NULL, 'PRE080', 'PAY017');
INSERT INTO pembayaran VALUES ('PBY-PRE081-249', 'GoPay', 'failed', 36738.00, 'UNQ-890200', 'https://pay.krun.its.ac.id/PBY-PRE081-249', '2026-06-10 07:22:00', NULL, 'PRE081', 'PAY029');
INSERT INTO pembayaran VALUES ('PBY-PRE082-204', 'LinkAja', 'success', 60972.00, 'UNQ-349136', 'https://pay.krun.its.ac.id/PBY-PRE082-204', '2026-06-06 18:18:00', '2026-06-05 19:47:00', 'PRE082', 'PAY004');
INSERT INTO pembayaran VALUES ('PBY-PRE083-490', 'QRIS', 'expired', 50980.00, 'UNQ-678944', 'https://pay.krun.its.ac.id/PBY-PRE083-490', '2026-04-08 07:47:00', NULL, 'PRE083', 'PAY017');
INSERT INTO pembayaran VALUES ('PBY-PRE084-307', 'LinkAja', 'expired', 39563.00, 'UNQ-764575', 'https://pay.krun.its.ac.id/PBY-PRE084-307', '2026-05-19 16:34:00', NULL, 'PRE084', 'PAY039');
INSERT INTO pembayaran VALUES ('PBY-PRE085-301', 'ShopeePay', 'failed', 68827.00, 'UNQ-286044', 'https://pay.krun.its.ac.id/PBY-PRE085-301', '2026-04-11 09:11:00', NULL, 'PRE085', 'PAY033');
INSERT INTO pembayaran VALUES ('PBY-PRE086-222', 'QRIS', 'pending', 66165.00, 'UNQ-392670', 'https://pay.krun.its.ac.id/PBY-PRE086-222', '2026-05-05 09:10:00', NULL, 'PRE086', 'PAY038');
INSERT INTO pembayaran VALUES ('PBY-PRE087-966', 'BCA VA', 'pending', 53327.00, 'UNQ-588983', 'https://pay.krun.its.ac.id/PBY-PRE087-966', '2026-04-21 07:09:00', NULL, 'PRE087', 'PAY021');
INSERT INTO pembayaran VALUES ('PBY-PRE088-711', 'GoPay', 'failed', 74297.00, 'UNQ-928278', 'https://pay.krun.its.ac.id/PBY-PRE088-711', '2026-06-11 12:04:00', NULL, 'PRE088', 'PAY021');
INSERT INTO pembayaran VALUES ('PBY-PRE089-638', 'ShopeePay', 'success', 78236.00, 'UNQ-171488', 'https://pay.krun.its.ac.id/PBY-PRE089-638', '2026-06-05 09:26:00', '2026-06-04 10:36:00', 'PRE089', 'PAY035');
INSERT INTO pembayaran VALUES ('PBY-PRE090-513', 'OVO', 'failed', 38992.00, 'UNQ-323717', 'https://pay.krun.its.ac.id/PBY-PRE090-513', '2026-05-14 12:23:00', NULL, 'PRE090', 'PAY019');
INSERT INTO pembayaran VALUES ('PBY-PRE091-323', 'LinkAja', 'expired', 11153.00, 'UNQ-220294', 'https://pay.krun.its.ac.id/PBY-PRE091-323', '2026-05-16 14:15:00', NULL, 'PRE091', 'PAY040');
INSERT INTO pembayaran VALUES ('PBY-PRE092-736', 'ShopeePay', 'pending', 52065.00, 'UNQ-499898', 'https://pay.krun.its.ac.id/PBY-PRE092-736', '2026-04-16 13:16:00', NULL, 'PRE092', 'PAY035');
INSERT INTO pembayaran VALUES ('PBY-PRE093-841', 'BCA VA', 'pending', 77746.00, 'UNQ-962043', 'https://pay.krun.its.ac.id/PBY-PRE093-841', '2026-05-19 15:51:00', NULL, 'PRE093', 'PAY033');
INSERT INTO pembayaran VALUES ('PBY-PRE094-556', 'Mandiri VA', 'pending', 48854.00, 'UNQ-783176', 'https://pay.krun.its.ac.id/PBY-PRE094-556', '2026-04-26 12:32:00', NULL, 'PRE094', 'PAY006');
INSERT INTO pembayaran VALUES ('PBY-PRE095-198', 'Dana', 'pending', 18581.00, 'UNQ-321020', 'https://pay.krun.its.ac.id/PBY-PRE095-198', '2026-04-29 17:27:00', NULL, 'PRE095', 'PAY007');
INSERT INTO pembayaran VALUES ('PBY-PRE096-310', 'BRI VA', 'expired', 19452.00, 'UNQ-883171', 'https://pay.krun.its.ac.id/PBY-PRE096-310', '2026-04-21 07:29:00', NULL, 'PRE096', 'PAY022');
INSERT INTO pembayaran VALUES ('PBY-PRE097-138', 'OVO', 'pending', 17113.00, 'UNQ-286638', 'https://pay.krun.its.ac.id/PBY-PRE097-138', '2026-05-04 15:04:00', NULL, 'PRE097', 'PAY037');
INSERT INTO pembayaran VALUES ('PBY-PRE098-941', 'ShopeePay', 'failed', 63429.00, 'UNQ-506881', 'https://pay.krun.its.ac.id/PBY-PRE098-941', '2026-05-29 17:25:00', NULL, 'PRE098', 'PAY028');
INSERT INTO pembayaran VALUES ('PBY-PRE099-423', 'GoPay', 'expired', 25506.00, 'UNQ-660814', 'https://pay.krun.its.ac.id/PBY-PRE099-423', '2026-04-02 17:46:00', NULL, 'PRE099', 'PAY040');
INSERT INTO pembayaran VALUES ('PBY-PRE100-164', 'LinkAja', 'pending', 19514.00, 'UNQ-475075', 'https://pay.krun.its.ac.id/PBY-PRE100-164', '2026-06-05 08:18:00', NULL, 'PRE100', 'PAY020');
INSERT INTO pembayaran VALUES ('PBY-PRE101-721', 'OVO', 'failed', 67367.00, 'UNQ-499941', 'https://pay.krun.its.ac.id/PBY-PRE101-721', '2026-05-22 17:01:00', NULL, 'PRE101', 'PAY031');
INSERT INTO pembayaran VALUES ('PBY-PRE102-260', 'BRI VA', 'success', 27875.00, 'UNQ-883028', 'https://pay.krun.its.ac.id/PBY-PRE102-260', '2026-05-22 15:18:00', '2026-05-21 16:40:00', 'PRE102', 'PAY010');
INSERT INTO pembayaran VALUES ('PBY-PRE103-405', 'BNI VA', 'pending', 28530.00, 'UNQ-229221', 'https://pay.krun.its.ac.id/PBY-PRE103-405', '2026-04-07 07:36:00', NULL, 'PRE103', 'PAY039');
INSERT INTO pembayaran VALUES ('PBY-PRE104-503', 'BRI VA', 'pending', 49936.00, 'UNQ-320256', 'https://pay.krun.its.ac.id/PBY-PRE104-503', '2026-05-16 10:26:00', NULL, 'PRE104', 'PAY033');
INSERT INTO pembayaran VALUES ('PBY-PRE105-245', 'Dana', 'success', 38939.00, 'UNQ-746850', 'https://pay.krun.its.ac.id/PBY-PRE105-245', '2026-05-04 10:07:00', '2026-05-03 10:31:00', 'PRE105', 'PAY037');
INSERT INTO pembayaran VALUES ('PBY-PRE106-972', 'GoPay', 'expired', 19587.00, 'UNQ-404771', 'https://pay.krun.its.ac.id/PBY-PRE106-972', '2026-04-10 11:06:00', NULL, 'PRE106', 'PAY013');
INSERT INTO pembayaran VALUES ('PBY-PRE107-843', 'LinkAja', 'expired', 53365.00, 'UNQ-474486', 'https://pay.krun.its.ac.id/PBY-PRE107-843', '2026-04-18 17:41:00', NULL, 'PRE107', 'PAY016');
INSERT INTO pembayaran VALUES ('PBY-PRE108-202', 'BCA VA', 'pending', 35362.00, 'UNQ-433222', 'https://pay.krun.its.ac.id/PBY-PRE108-202', '2026-06-03 14:21:00', NULL, 'PRE108', 'PAY040');
INSERT INTO pembayaran VALUES ('PBY-PRE109-775', 'BCA VA', 'success', 57774.00, 'UNQ-946934', 'https://pay.krun.its.ac.id/PBY-PRE109-775', '2026-05-12 13:10:00', '2026-05-11 13:11:00', 'PRE109', 'PAY021');
INSERT INTO pembayaran VALUES ('PBY-PRE110-352', 'ShopeePay', 'expired', 46264.00, 'UNQ-980919', 'https://pay.krun.its.ac.id/PBY-PRE110-352', '2026-05-18 09:43:00', NULL, 'PRE110', 'PAY022');
INSERT INTO pembayaran VALUES ('PBY-PRE111-998', 'Mandiri VA', 'expired', 68373.00, 'UNQ-476167', 'https://pay.krun.its.ac.id/PBY-PRE111-998', '2026-05-11 14:35:00', NULL, 'PRE111', 'PAY007');
INSERT INTO pembayaran VALUES ('PBY-PRE112-279', 'LinkAja', 'pending', 46780.00, 'UNQ-966589', 'https://pay.krun.its.ac.id/PBY-PRE112-279', '2026-04-19 15:12:00', NULL, 'PRE112', 'PAY017');
INSERT INTO pembayaran VALUES ('PBY-PRE113-851', 'OVO', 'pending', 12441.00, 'UNQ-990856', 'https://pay.krun.its.ac.id/PBY-PRE113-851', '2026-06-05 17:01:00', NULL, 'PRE113', 'PAY038');
INSERT INTO pembayaran VALUES ('PBY-PRE114-692', 'QRIS', 'success', 14804.00, 'UNQ-678388', 'https://pay.krun.its.ac.id/PBY-PRE114-692', '2026-05-05 15:57:00', '2026-05-04 17:07:00', 'PRE114', 'PAY031');
INSERT INTO pembayaran VALUES ('PBY-PRE115-769', 'Dana', 'failed', 61445.00, 'UNQ-334153', 'https://pay.krun.its.ac.id/PBY-PRE115-769', '2026-05-09 09:29:00', NULL, 'PRE115', 'PAY033');
INSERT INTO pembayaran VALUES ('PBY-PRE116-622', 'OVO', 'expired', 57692.00, 'UNQ-626560', 'https://pay.krun.its.ac.id/PBY-PRE116-622', '2026-04-03 17:15:00', NULL, 'PRE116', 'PAY040');
INSERT INTO pembayaran VALUES ('PBY-PRE117-800', 'Dana', 'success', 68487.00, 'UNQ-266956', 'https://pay.krun.its.ac.id/PBY-PRE117-800', '2026-04-24 16:36:00', '2026-04-23 18:01:00', 'PRE117', 'PAY010');
INSERT INTO pembayaran VALUES ('PBY-PRE118-853', 'Mandiri VA', 'failed', 15297.00, 'UNQ-329448', 'https://pay.krun.its.ac.id/PBY-PRE118-853', '2026-06-03 10:04:00', NULL, 'PRE118', 'PAY017');
INSERT INTO pembayaran VALUES ('PBY-PRE119-478', 'ShopeePay', 'pending', 37102.00, 'UNQ-643042', 'https://pay.krun.its.ac.id/PBY-PRE119-478', '2026-05-18 13:30:00', NULL, 'PRE119', 'PAY030');
INSERT INTO pembayaran VALUES ('PBY-PRE120-147', 'GoPay', 'failed', 23529.00, 'UNQ-837920', 'https://pay.krun.its.ac.id/PBY-PRE120-147', '2026-06-07 17:53:00', NULL, 'PRE120', 'PAY018');

-- =====================================================
-- END OF DML
-- =====================================================